sessionName,eventNumber,siteDeg,siteName,state,cueIdxUsed,cuePos,crossingIdx,prevRewardIdx,nextRewardIdx,nextRewardSiteDeg,preSpeed,controlSpeed,decelIndex
JB5  2026-04-10,1,0,0deg_3oclock,preReward_nonTarget,680,30,1026,398,1232,180,40.4622263631537,57.1731519608014,16.7109255976477
JB5  2026-04-10,2,0,0deg_3oclock,preReward_nonTarget,1371,30,1700,1232,1904,180,41.5577077257595,28.8077862076803,-12.7499215180792
JB5  2026-04-10,3,0,0deg_3oclock,cue_expected,NaN,NaN,2086,1904,2448,180,58.4250761758915,51.7131283004765,-6.71194787541502
JB5  2026-04-10,4,0,0deg_3oclock,cue_expected,NaN,NaN,2691,2448,3759,0,82.1596267492655,38.819439661485,-43.3401870877805
JB5  2026-04-10,5,0,0deg_3oclock,cue_expected,NaN,NaN,3760,3759,4688,0,35.0589395330076,18.0093515987154,-17.0495879342923
JB5  2026-04-10,6,0,0deg_3oclock,cue_expected,NaN,NaN,4690,4688,5618,180,39.1034011326671,36.2124486675824,-2.89095246508474
JB5  2026-04-10,7,0,0deg_3oclock,preReward_nonTarget,5149,30,5407,4688,5618,180,33.9356667785248,83.1167776991763,49.1811109206515
JB5  2026-04-10,8,0,0deg_3oclock,preReward_nonTarget,5777,30,6241,5618,6452,180,41.8499819048193,55.3534277892282,13.5034458844089
JB5  2026-04-10,9,0,0deg_3oclock,cue_expected,NaN,NaN,6700,6452,7324,0,63.3909053277399,35.5536697295223,-27.8372355982176
JB5  2026-04-10,10,0,0deg_3oclock,preReward_nonTarget,6804,0,7324,6452,8183,180,38.8830813781085,40.820233779313,1.93715240120454
JB5  2026-04-10,11,0,0deg_3oclock,preReward_nonTarget,7616,30,7971,7324,8183,180,29.0483630011724,58.3573461254024,29.30898312423
JB5  2026-04-10,12,0,0deg_3oclock,preReward_target,8418,0,8756,8183,9609,0,41.9203322937443,71.4273695186747,29.5070372249304
JB5  2026-04-10,13,0,0deg_3oclock,cue_expected,NaN,NaN,9611,9609,9995,180,38.6041837086691,40.3037398370706,1.69955612840151
JB5  2026-04-10,14,0,0deg_3oclock,cue_expected,NaN,NaN,10544,10542,11033,180,36.9984789804606,49.0757951484177,12.077316167957
JB5  2026-04-10,15,0,0deg_3oclock,cue_expected,NaN,NaN,11248,11033,11885,0,35.629564727528,51.8750998920092,16.2455351644812
JB5  2026-04-10,16,0,0deg_3oclock,preReward_nonTarget,11359,0,11885,11033,12857,180,39.4163294491217,38.4095618281372,-1.00676762098449
JB5  2026-04-10,17,0,0deg_3oclock,preReward_nonTarget,12348,30,12623,11885,12857,180,37.9424156533974,45.3245895768238,7.38217392342637
JB5  2026-04-10,18,0,0deg_3oclock,preReward_nonTarget,13001,30,13356,12857,13565,180,33.8407032845494,47.4373195168638,13.5966162323144
JB5  2026-04-10,19,0,0deg_3oclock,cue_expected,NaN,NaN,13781,13565,14237,180,55.158232493811,69.0642618022774,13.9060293084664
JB5  2026-04-10,20,0,0deg_3oclock,preReward_nonTarget,14411,30,14719,14237,14892,180,39.9168188096741,76.5600262592453,36.6432074495712
JB5  2026-04-10,21,0,0deg_3oclock,cue_expected,NaN,NaN,15253,14892,15595,180,73.5704671250359,4.03911982920405,-69.5313472958319
JB5  2026-04-10,22,0,0deg_3oclock,preReward_nonTarget,15842,30,16036,15595,16255,180,41.7159549821555,61.8214492969134,20.105494314758
JB5  2026-04-10,23,0,0deg_3oclock,cue_expected,NaN,NaN,16461,16255,17053,0,57.3116452919282,63.9575143410396,6.64586904911134
JB5  2026-04-10,24,0,0deg_3oclock,cue_expected,NaN,NaN,17054,17053,17972,180,38.4264006468117,42.764419631757,4.3380189849453
JB5  2026-04-10,25,0,0deg_3oclock,preReward_nonTarget,17504,30,17774,17053,17972,180,38.5572020556493,47.2101829110895,8.65298085544016
JB5  2026-04-10,26,0,0deg_3oclock,preReward_nonTarget,18179,30,18454,17972,18647,180,60.9446145471962,54.7138223434975,-6.2307922036987
JB5  2026-04-10,27,0,0deg_3oclock,cue_expected,NaN,NaN,18875,18647,19233,180,41.0176575920345,64.8970406266498,23.8793830346154
JB5  2026-04-10,28,0,0deg_3oclock,cue_expected,NaN,NaN,19689,19688,21126,180,41.6677939953839,22.3745874996545,-19.2932064957294
JB5  2026-04-10,29,0,0deg_3oclock,preReward_nonTarget,20057,30,20877,19688,21126,180,30.5348470609408,44.6641013904052,14.1292543294644
JB5  2026-04-10,30,0,0deg_3oclock,cue_expected,NaN,NaN,21544,21126,22191,0,36.015125359811,57.2734752294248,21.2583498696138
JB5  2026-04-10,31,0,0deg_3oclock,cue_expected,NaN,NaN,22193,22191,23196,180,33.1120314801071,58.0547022093111,24.942670729204
JB5  2026-04-10,32,0,0deg_3oclock,preReward_nonTarget,22774,30,22975,22191,23196,180,36.2762249155348,63.1108416388097,26.834616723275
JB5  2026-04-10,33,0,0deg_3oclock,cue_expected,NaN,NaN,23566,23196,23926,180,5.73022057790908,57.945458638733,52.2152380608239
JB5  2026-04-10,34,0,0deg_3oclock,preReward_nonTarget,24077,30,24579,23926,24751,180,49.9259036835859,51.8056560386185,1.87975235503263
JB5  2026-04-10,35,0,0deg_3oclock,cue_expected,NaN,NaN,25318,25316,26022,0,40.6832639326289,101.514728402462,60.8314644698331
JB5  2026-04-10,36,0,0deg_3oclock,preReward_nonTarget,25524,0,26022,25316,26452,180,30.6795294855922,63.5234706330797,32.8439411474876
JB5  2026-04-10,37,0,0deg_3oclock,preReward_nonTarget,26759,30,26960,26452,27182,180,31.7010894355863,51.409651697927,19.7085622623406
JB5  2026-04-10,38,0,0deg_3oclock,cue_expected,NaN,NaN,27697,27182,28087,180,40.4834251516277,74.2619680960378,33.7785429444101
JB5  2026-04-10,39,0,0deg_3oclock,cue_expected,NaN,NaN,28532,28530,29281,0,32.5928045663469,51.270760594186,18.6779560278391
JB5  2026-04-10,40,0,0deg_3oclock,cue_expected,NaN,NaN,29284,29281,30168,0,30.2242632291061,39.7767938966605,9.55253066755444
JB5  2026-04-10,41,0,0deg_3oclock,cue_expected,NaN,NaN,30170,30168,31002,0,32.9362873618233,83.6012154465025,50.6649280846791
JB5  2026-04-10,42,0,0deg_3oclock,preReward_target,30371,0,31002,30168,31541,0,32.9572280474329,55.3796502664354,22.4224222190025
JB5  2026-04-10,43,0,0deg_3oclock,cue_expected,NaN,NaN,31542,31541,31962,180,30.9280432615429,50.01340674439,19.085363482847
JB5  2026-04-10,44,0,0deg_3oclock,cue_expected,NaN,NaN,32202,31962,32783,0,38.1531822368295,53.6860173881487,15.5328351513192
JB5  2026-04-10,45,0,0deg_3oclock,preReward_target,32408,0,32783,31962,33415,0,39.2164504662104,40.789429980357,1.57297951414655
JB5  2026-04-10,46,0,0deg_3oclock,cue_expected,NaN,NaN,33417,33415,34364,0,38.326973596105,50.5329557027597,12.2059821066547
JB5  2026-04-10,47,0,0deg_3oclock,preReward_nonTarget,34019,0,34364,33415,35120,180,32.4801522309217,68.6229446733376,36.1427924424159
JB5  2026-04-10,48,0,0deg_3oclock,preReward_nonTarget,34757,30,34944,34364,35120,180,29.5918506657008,87.7631646469163,58.1713139812155
JB5  2026-04-10,49,0,0deg_3oclock,cue_expected,NaN,NaN,35527,35524,36322,0,51.815271306256,90.6386818606884,38.8234105544323
JB5  2026-04-10,50,0,0deg_3oclock,cue_expected,NaN,NaN,36324,36322,37288,0,30.3297769296294,47.9038913981271,17.5741144684978
JB5  2026-04-10,51,0,0deg_3oclock,cue_expected,NaN,NaN,37289,37288,38106,180,34.7682999185626,64.4433506189078,29.6750507003453
JB5  2026-04-10,52,0,0deg_3oclock,preReward_nonTarget,37679,30,37941,37288,38106,180,30.9822869277241,92.2606768891833,61.2783899614592
JB5  2026-04-10,53,0,0deg_3oclock,cue_expected,NaN,NaN,38569,38567,39348,0,72.362196984545,91.1682417200815,18.8060447355365
JB5  2026-04-10,54,0,0deg_3oclock,preReward_target,39089,0,39348,38567,39905,0,29.3801228345575,44.1892649270093,14.8091420924517
JB5  2026-04-10,55,0,0deg_3oclock,cue_expected,NaN,NaN,39908,39905,40599,0,28.4758344354446,83.4166000246858,54.9407655892412
JB5  2026-04-10,56,0,0deg_3oclock,cue_expected,NaN,NaN,40601,40599,41478,0,30.1585970904964,70.9216002300381,40.7630031395416
JB5  2026-04-10,57,0,0deg_3oclock,cue_expected,NaN,NaN,41481,41478,42067,180,28.2876275099356,53.9770360276325,25.6894085176969
JB5  2026-04-10,58,0,0deg_3oclock,cue_expected,NaN,NaN,42308,42067,42665,180,52.0161615215666,39.4055348295177,-12.610626692049
JB5  2026-04-10,59,0,0deg_3oclock,cue_expected,NaN,NaN,42828,42665,43228,180,65.4508151871063,58.6004430217708,-6.85037216533557
JB5  2026-04-10,60,0,0deg_3oclock,cue_expected,NaN,NaN,43448,43228,44238,0,37.7420881723242,43.2014334424576,5.45934527013343
JB5  2026-04-10,61,0,0deg_3oclock,cue_expected,NaN,NaN,44239,44238,44920,0,29.8626548055759,37.4543746577316,7.59171985215562
JB5  2026-04-10,62,0,0deg_3oclock,cue_expected,NaN,NaN,44925,44920,45591,0,31.7659554581462,55.5680563760318,23.8021009178856
JB5  2026-04-10,63,0,0deg_3oclock,cue_expected,NaN,NaN,45594,45591,46285,0,40.3310332768842,68.969140610135,28.6381073332508
JB5  2026-04-10,64,0,0deg_3oclock,preReward_target,45890,0,46285,45591,46862,0,35.9973216688552,49.7881499897505,13.7908283208953
JB5  2026-04-10,65,0,0deg_3oclock,cue_expected,NaN,NaN,46863,46862,47353,180,35.8218653429732,43.7697802352609,7.94791489228771
JB5  2026-04-10,66,0,0deg_3oclock,cue_expected,NaN,NaN,47701,47699,48649,0,32.4123810607824,101.21531289742,68.8029318366379
JB5  2026-04-10,67,0,0deg_3oclock,cue_expected,NaN,NaN,48650,48649,49473,0,36.6767217637279,38.3495423688493,1.67282060512139
JB5  2026-04-10,68,0,0deg_3oclock,preReward_nonTarget,49276,0,49473,48649,49890,180,28.8499106606378,81.2348923684596,52.3849817078218
JB5  2026-04-10,69,0,0deg_3oclock,cue_expected,NaN,NaN,50314,50313,50863,0,41.9555108862875,73.0977967325414,31.1422858462538
JB5  2026-04-10,70,0,0deg_3oclock,cue_expected,NaN,NaN,50866,50863,51477,180,29.1937066251858,42.5732985276529,13.379591902467
JB5  2026-04-10,71,0,0deg_3oclock,preReward_nonTarget,51710,30,51922,51477,52071,180,31.7218049714991,93.0090374636531,61.2872324921541
JB5  2026-04-10,72,0,0deg_3oclock,cue_expected,NaN,NaN,52261,52071,52858,0,52.9747495037615,60.1735401240674,7.19879062030592
JB5  2026-04-10,73,0,0deg_3oclock,preReward_nonTarget,52348,0,52858,52071,53808,180,30.1451050176588,38.5753303588626,8.43022534120379
JB5  2026-04-10,74,0,0deg_3oclock,preReward_nonTarget,53284,30,53604,52858,53808,180,32.6326232491552,60.2995597620307,27.6669365128755
JB5  2026-04-10,75,0,0deg_3oclock,cue_expected,NaN,NaN,54057,53808,54590,0,54.0432878500008,51.6148454049105,-2.42844244509025
JB5  2026-04-10,76,0,0deg_3oclock,preReward_nonTarget,54165,0,54590,53808,54971,180,31.240549392726,42.4687125657918,11.2281631730658
JB5  2026-04-10,77,0,0deg_3oclock,cue_expected,NaN,NaN,55421,54971,55797,180,35.4188818431503,6.72822730012029,-28.69065454303
JB5  2026-04-10,78,0,0deg_3oclock,preReward_nonTarget,55943,30,56241,55797,56423,180,37.5583941912155,61.6472766216612,24.0888824304457
JB5  2026-04-10,79,0,0deg_3oclock,preReward_nonTarget,56583,30,56913,56423,57115,180,35.2852812078806,66.6664700636088,31.3811888557282
JB5  2026-04-10,80,0,0deg_3oclock,cue_expected,NaN,NaN,57298,57115,57735,180,60.2612565181532,52.565451168356,-7.69580534979725
JB5  2026-04-10,81,0,0deg_3oclock,cue_expected,NaN,NaN,57923,57735,58489,0,53.2115726881891,49.9746996754237,-3.23687301276538
JB5  2026-04-10,82,0,0deg_3oclock,cue_expected,NaN,NaN,58492,58489,58885,180,37.6511569639037,36.0339726249625,-1.61718433894116
JB5  2026-04-10,83,0,0deg_3oclock,cue_expected,NaN,NaN,59086,58885,59472,180,37.3310229041411,41.4996735968416,4.16865069270053
JB5  2026-04-10,84,0,0deg_3oclock,preReward_target,59692,0,60144,59472,60690,0,43.7563560219816,92.6831982645457,48.9268422425642
JB5  2026-04-10,85,0,0deg_3oclock,cue_expected,NaN,NaN,60691,60690,61652,180,32.4514000638663,52.9487953549927,20.4973952911264
JB5  2026-04-10,86,0,0deg_3oclock,preReward_nonTarget,61212,30,61476,60690,61652,180,33.6119296467366,45.1294933251386,11.517563678402
JB5  2026-04-10,87,0,0deg_3oclock,cue_expected,NaN,NaN,61850,61652,62425,180,57.547234176307,65.4900671290083,7.9428329527013
JB5  2026-04-10,88,0,0deg_3oclock,preReward_nonTarget,62645,30,62871,62425,63182,180,31.7720478633947,59.8832252064374,28.1111773430427
JB5  2026-04-10,89,0,0deg_3oclock,preReward_nonTarget,63347,30,63688,63182,64054,180,42.9462794901861,52.4119324931609,9.46565300297476
JB5  2026-04-10,90,0,0deg_3oclock,cue_expected,NaN,NaN,64673,64054,65519,0,62.7933700751481,2.32508161826996,-60.4682884568782
JB5  2026-04-10,91,0,0deg_3oclock,cue_expected,NaN,NaN,65522,65519,67343,180,33.069655678441,43.0168357127959,9.94718003435498
JB5  2026-04-10,92,0,0deg_3oclock,preReward_nonTarget,66436,30,67149,65519,67343,180,55.0250645824557,1.48267449691531,-53.5423900855404
JB5  2026-04-10,93,0,0deg_3oclock,cue_expected,NaN,NaN,67661,67343,68204,180,64.8559975555369,6.30860109348776,-58.5473964620492
JB5  2026-04-10,94,0,0deg_3oclock,cue_expected,NaN,NaN,68783,68204,69358,0,46.3197193695299,54.4316798605931,8.11196049106327
JB5  2026-04-10,95,0,0deg_3oclock,cue_expected,NaN,NaN,69359,69358,70672,0,37.3928580619882,45.8804667403292,8.48760867834106
JB5  2026-04-10,96,0,0deg_3oclock,cue_expected,NaN,NaN,70674,70672,71471,180,32.1353854786409,63.0149530921958,30.8795676135548
JB5  2026-04-10,97,0,0deg_3oclock,cue_expected,NaN,NaN,71658,71471,72240,0,71.040706921676,77.5473182700139,6.50661134833796
JB5  2026-04-10,98,0,0deg_3oclock,cue_expected,NaN,NaN,72241,72240,72943,0,39.598379716394,48.8644718768168,9.26609216042279
JB5  2026-04-10,99,0,0deg_3oclock,preReward_target,72493,0,72943,72240,73760,0,32.7219164138891,49.2597350798557,16.5378186659667
JB5  2026-04-10,100,0,0deg_3oclock,cue_expected,NaN,NaN,73762,73760,74472,0,29.6876245868921,68.9552937747263,39.2676691878341
JB5  2026-04-10,101,0,0deg_3oclock,cue_expected,NaN,NaN,74474,74472,74869,180,31.4585193300706,77.1764841095931,45.7179647795224
JB5  2026-04-10,102,0,0deg_3oclock,preReward_target,75088,0,75372,74869,75952,0,33.1801481573195,101.615362925487,68.4352147681676
JB5  2026-04-10,103,0,0deg_3oclock,preReward_target,75521,0,75951,75372,75952,0,33.1798304097035,57.9389237116526,24.7590933019491
JB5  2026-04-10,104,0,0deg_3oclock,preReward_nonTarget,76492,30,77000,75952,77162,180,34.133731185786,42.7402294350229,8.60649824923693
JB5  2026-04-10,105,0,0deg_3oclock,preReward_nonTarget,77411,30,77666,77162,77847,180,33.7905805460728,72.1594137165319,38.368833170459
JB5  2026-04-10,106,0,0deg_3oclock,cue_expected,NaN,NaN,78172,77847,78734,0,67.2493732952066,24.9363016112447,-42.313071683962
JB5  2026-04-10,107,0,0deg_3oclock,cue_expected,NaN,NaN,78736,78734,79581,0,47.9840547308752,42.9171721987758,-5.06688253209936
JB5  2026-04-10,108,0,0deg_3oclock,preReward_target,78942,0,79581,78734,80375,0,35.2935709709309,76.7771795490906,41.4836085781598
JB5  2026-04-10,109,0,0deg_3oclock,preReward_target,80105,0,80375,79581,81032,0,38.5815646609068,56.3046459602154,17.7230812993086
JB5  2026-04-10,110,0,0deg_3oclock,preReward_nonTarget,80658,0,81032,80375,82004,180,36.54656595584,39.3906635839765,2.84409762813649
JB5  2026-04-10,111,0,0deg_3oclock,preReward_nonTarget,81397,30,81824,81032,82004,180,44.9721685106648,83.4621005076741,38.4899319970093
JB5  2026-04-10,112,0,0deg_3oclock,cue_expected,NaN,NaN,82195,82004,82545,180,50.1330529145417,71.2707867861487,21.1377338716071
JB5  2026-04-10,113,0,0deg_3oclock,cue_expected,NaN,NaN,82725,82545,83222,0,76.7569111793145,64.7863371787077,-11.9705740006068
JB5  2026-04-10,114,0,0deg_3oclock,preReward_target,82906,0,83222,82545,83869,0,56.5283837451572,84.3425039318195,27.8141201866623
JB5  2026-04-10,115,0,0deg_3oclock,cue_expected,NaN,NaN,83871,83869,84719,180,35.6432198997724,46.408797272362,10.7655773725896
JB5  2026-04-10,116,0,0deg_3oclock,preReward_nonTarget,84196,30,84539,83869,84719,180,36.520877241783,88.5268823795546,52.0060051377716
JB5  2026-04-10,117,0,0deg_3oclock,cue_expected,NaN,NaN,84907,84719,85477,180,50.0547117196351,79.9543789530653,29.8996672334302
JB5  2026-04-10,118,0,0deg_3oclock,cue_expected,NaN,NaN,85656,85477,86284,0,75.8573453532182,50.3765789999905,-25.4807663532277
JB5  2026-04-10,119,0,0deg_3oclock,preReward_nonTarget,85768,0,86284,85477,86705,180,38.2310706093605,59.5054445902304,21.2743739808699
JB5  2026-04-10,120,0,0deg_3oclock,cue_expected,NaN,NaN,87082,87080,88398,0,46.8735360025476,60.6856919570222,13.8121559544746
JB5  2026-04-10,121,0,0deg_3oclock,cue_expected,NaN,NaN,88399,88398,89191,180,38.9968595476365,50.67061403116,11.6737544835235
JB5  2026-04-10,122,0,0deg_3oclock,preReward_nonTarget,88896,30,89062,88398,89191,180,45.360429068532,104.779290341113,59.4188612725815
JB5  2026-04-10,123,0,0deg_3oclock,preReward_target,89439,0,89677,89191,90233,0,33.1888402543797,81.451248819535,48.2624085651553
JB5  2026-04-10,124,0,0deg_3oclock,cue_expected,NaN,NaN,90234,90233,90798,0,32.5440316142193,68.6976128180051,36.1535812037858
JB5  2026-04-10,125,0,0deg_3oclock,preReward_target,90437,0,90798,90233,91398,0,53.7274639235496,71.5406304273188,17.8131665037692
JB5  2026-04-10,126,0,0deg_3oclock,cue_expected,NaN,NaN,91399,91398,92122,0,33.1921194551247,50.9268375060215,17.7347180508968
JB5  2026-04-10,127,0,0deg_3oclock,cue_expected,NaN,NaN,92123,92122,93063,180,32.9922568332195,41.2129560063928,8.22069917317328
JB5  2026-04-10,128,0,0deg_3oclock,preReward_nonTarget,92711,30,92901,92122,93063,180,31.789439519066,92.5116776207462,60.7222381016802
JB5  2026-04-10,129,0,0deg_3oclock,preReward_nonTarget,93263,30,93446,93063,93625,180,36.6991910911745,86.759409469524,50.0602183783495
JB5  2026-04-10,130,0,0deg_3oclock,preReward_nonTarget,93829,30,94077,93625,94228,180,49.9229467371473,88.7687262270702,38.8457794899229
JB5  2026-04-10,131,0,0deg_3oclock,cue_expected,NaN,NaN,94541,94228,95052,0,59.3645618236537,49.2430713438972,-10.1214904797565
JB5  2026-04-10,132,0,0deg_3oclock,cue_expected,NaN,NaN,95054,95052,95625,180,35.7910158725353,38.3069286894298,2.51591281689451
JB5  2026-04-10,133,0,0deg_3oclock,preReward_nonTarget,95762,30,95972,95625,96110,180,46.0525514035645,94.942680173815,48.8901287702506
JB5  2026-04-10,134,0,0deg_3oclock,cue_expected,NaN,NaN,96418,96110,96781,180,72.9221145996283,64.1012619256182,-8.82085267401006
JB5  2026-04-10,135,0,0deg_3oclock,preReward_nonTarget,96977,30,97200,96781,97349,180,37.5087841326174,99.0902900681787,61.5815059355613
JB5  2026-04-10,136,0,0deg_3oclock,cue_expected,NaN,NaN,97625,97349,98274,0,76.8379055570215,59.2595541581424,-17.5783513988791
JB5  2026-04-10,137,0,0deg_3oclock,cue_expected,NaN,NaN,98276,98274,98878,180,36.3186226947318,66.9656581558423,30.6470354611105
JB5  2026-04-10,138,0,0deg_3oclock,cue_expected,NaN,NaN,99239,98878,99825,0,52.1575087061655,61.7932521025837,9.63574339641819
JB5  2026-04-10,139,0,0deg_3oclock,cue_expected,NaN,NaN,99826,99825,100527,180,33.1026405058955,41.3568155802462,8.25417507435065
JB5  2026-04-10,140,0,0deg_3oclock,cue_expected,NaN,NaN,100798,100527,101390,180,58.4811451859197,60.5044368820386,2.02329169611895
JB5  2026-04-10,141,0,0deg_3oclock,cue_expected,NaN,NaN,102439,102436,103307,0,31.0807457269363,62.1108761120845,31.0301303851482
JB5  2026-04-10,142,0,0deg_3oclock,cue_expected,NaN,NaN,103309,103307,103763,180,50.029478505655,39.5919386719152,-10.4375398337398
JB5  2026-04-10,143,0,0deg_3oclock,cue_expected,NaN,NaN,104649,103763,105219,180,36.5360859442134,79.76483279408,43.2287468498666
JB5  2026-04-10,144,0,0deg_3oclock,preReward_nonTarget,105419,30,105706,105219,106071,180,48.0426588535875,87.8530714717526,39.8104126181652
JB5  2026-04-10,145,0,0deg_3oclock,cue_expected,NaN,NaN,106374,106071,106726,180,57.9952472520857,53.873504340985,-4.12174291110065
JB5  2026-04-10,146,0,0deg_3oclock,cue_expected,NaN,NaN,106972,106726,107350,180,62.8282642010391,75.2044148415653,12.3761506405262
JB5  2026-04-10,147,0,0deg_3oclock,cue_expected,NaN,NaN,107578,107350,108037,180,8.57586287994267,78.7523610528285,70.1764981728859
JB5  2026-04-10,148,0,0deg_3oclock,cue_expected,NaN,NaN,108446,108444,109032,0,36.8043594687707,70.9715892854311,34.1672298166604
JB5  2026-04-10,149,0,0deg_3oclock,cue_expected,NaN,NaN,109034,109032,109572,0,55.6792473414091,89.0140707012564,33.3348233598473
JB5  2026-04-10,150,0,0deg_3oclock,preReward_nonTarget,109190,0,109572,109032,110578,180,41.0122869193844,70.7494934579884,29.737206538604
JB5  2026-04-10,151,0,0deg_3oclock,preReward_nonTarget,110111,30,110371,109572,110578,180,36.7983318109957,57.2062459798527,20.407914168857
JB5  2026-04-10,152,0,0deg_3oclock,preReward_nonTarget,110798,0,110986,110578,112119,180,35.7236411632805,91.5570476273018,55.8334064640213
JB5  2026-04-10,153,0,0deg_3oclock,preReward_nonTarget,111705,30,111978,110986,112119,180,43.9027982387593,78.0834342881843,34.180636049425
JB5  2026-04-10,154,0,0deg_3oclock,cue_expected,NaN,NaN,112518,112119,113219,180,56.6717043943656,55.7487730066144,-0.922931387751142
JB5  2026-04-10,155,0,0deg_3oclock,preReward_nonTarget,112804,30,113057,112119,113219,180,42.6544972830793,82.5739291369098,39.9194318538305
JB5  2026-04-10,156,0,0deg_3oclock,cue_expected,NaN,NaN,113529,113219,114029,0,58.2649466816324,60.525344147895,2.26039746626256
JB5  2026-04-10,157,0,0deg_3oclock,preReward_target,113690,0,114029,113219,114680,0,29.8239164431725,37.6080709502917,7.7841545071193
JB5  2026-04-10,158,0,0deg_3oclock,cue_expected,NaN,NaN,114682,114680,115247,0,50.6258750418469,70.020434948258,19.3945599064111
JB5  2026-04-10,159,0,0deg_3oclock,preReward_target,115077,0,115247,114680,115780,0,41.7218392756122,88.3639332183564,46.6420939427442
JB5  2026-04-10,160,0,0deg_3oclock,cue_expected,NaN,NaN,115782,115780,116837,0,32.0491675144582,46.5463519715668,14.4971844571086
JB5  2026-04-10,161,0,0deg_3oclock,cue_expected,NaN,NaN,116307,115780,116837,0,32.4202554842993,110.21295091615,77.7926954318506
JB5  2026-04-10,162,0,0deg_3oclock,cue_expected,NaN,NaN,116838,116837,118011,180,39.4694467842703,58.5911386934522,19.1216919091819
JB5  2026-04-10,163,0,0deg_3oclock,preReward_nonTarget,117155,30,117616,116837,118011,180,47.0410008884833,74.525473322376,27.4844724338927
JB5  2026-04-10,164,0,0deg_3oclock,preReward_target,118282,0,118520,118011,119377,0,49.8674077985777,78.0153997264277,28.1479919278501
JB5  2026-04-10,165,0,0deg_3oclock,cue_expected,NaN,NaN,119378,119377,120947,180,37.391410806537,35.8997591098855,-1.49165169665151
JB5  2026-04-10,166,0,0deg_3oclock,preReward_nonTarget,120524,30,120798,119377,120947,180,34.0749167141254,79.2536814623584,45.178764748233
JB5  2026-04-10,167,0,0deg_3oclock,preReward_target,121729,0,121884,120947,122523,0,42.0751058564379,87.2200402874659,45.144934431028
JB5  2026-04-10,168,0,0deg_3oclock,preReward_nonTarget,122362,0,122523,121884,123502,180,58.7595251400515,103.453607852139,44.6940827120879
JB5  2026-04-10,169,0,0deg_3oclock,cue_expected,NaN,NaN,123957,123502,124268,180,66.4275305444278,60.9474988042861,-5.48003174014162
JB5  2026-04-10,170,0,0deg_3oclock,cue_expected,NaN,NaN,124499,124268,125308,0,60.4165679356053,60.5933051614665,0.176737225861231
JB5  2026-04-10,171,0,0deg_3oclock,cue_expected,NaN,NaN,125309,125308,125822,180,53.449353220798,56.7084733855972,3.25912016479922
JB5  2026-04-10,172,0,0deg_3oclock,cue_expected,NaN,NaN,126010,125822,126624,0,81.8669739370966,75.9690373455968,-5.89793659149977
JB5  2026-04-10,173,0,0deg_3oclock,cue_expected,NaN,NaN,126625,126624,127154,180,65.5877668246496,5.08894468717019,-60.4988221374794
JB5  2026-04-10,174,0,0deg_3oclock,cue_expected,NaN,NaN,127315,127154,127948,0,74.6673621429131,80.4069396600463,5.73957751713313
JB5  2026-04-10,175,0,0deg_3oclock,cue_expected,NaN,NaN,127950,127948,128641,0,36.096030622407,76.5696262602473,40.4735956378403
JB5  2026-04-10,176,0,0deg_3oclock,cue_expected,NaN,NaN,128642,128641,129741,0,32.87577299687,92.997265878402,60.1214928815321
JB5  2026-04-10,177,0,0deg_3oclock,preReward_nonTarget,128992,0,129741,128641,130769,180,32.1590074630472,100.72432057707,68.5653131140225
JB5  2026-04-10,178,0,0deg_3oclock,preReward_nonTarget,130462,30,130635,129741,130769,180,27.9972074068682,97.7478220319918,69.7506146251235
JB5  2026-04-10,179,0,0deg_3oclock,preReward_target,131009,0,131234,130769,131763,0,38.8820367410053,88.3120487093787,49.4300119683734
JB5  2026-04-10,180,0,0deg_3oclock,cue_expected,NaN,NaN,131764,131763,132865,180,36.0173040348668,93.0056578652765,56.9883538304097
JB5  2026-04-10,181,0,0deg_3oclock,cue_expected,NaN,NaN,132527,131763,132865,180,34.632831759317,52.1632754507967,17.5304436914797
JB5  2026-04-10,182,0,0deg_3oclock,cue_expected,NaN,NaN,133151,132865,133628,0,38.5536403264806,76.755143429101,38.2015031026204
JB5  2026-04-10,183,0,0deg_3oclock,cue_expected,NaN,NaN,133632,133628,134434,0,41.7123443652052,58.5809381747589,16.8685938095537
JB5  2026-04-10,184,0,0deg_3oclock,preReward_nonTarget,133846,0,134434,133628,135153,180,54.4008758200936,77.6882974678124,23.2874216477187
JB5  2026-04-10,185,0,0deg_3oclock,preReward_nonTarget,134693,30,135007,134434,135153,180,43.6120836124005,101.74108125839,58.1289976459892
JB5  2026-04-10,186,0,0deg_3oclock,preReward_nonTarget,135359,30,135687,135153,135854,180,56.4903401228634,98.4157644513359,41.9254243284725
JB5  2026-04-10,187,0,0deg_3oclock,preReward_nonTarget,136050,30,136256,135854,136417,180,98.7014234052527,96.5024479586465,-2.1989754466062
JB5  2026-04-10,188,0,0deg_3oclock,preReward_nonTarget,136567,30,136965,136417,137117,180,80.5987755024544,112.102754942594,31.5039794401394
JB5  2026-04-10,189,0,0deg_3oclock,cue_expected,NaN,NaN,137478,137117,137822,180,68.9798478229979,83.4309418868863,14.4510940638885
JB5  2026-04-10,190,0,0deg_3oclock,preReward_nonTarget,138031,30,138225,137822,138403,180,93.2570021072962,108.734776589004,15.4777744817074
JB5  2026-04-10,191,0,0deg_3oclock,preReward_nonTarget,138631,30,138910,138403,139063,180,61.7371938318104,75.5180864383274,13.780892606517
JB5  2026-04-10,192,0,0deg_3oclock,cue_expected,NaN,NaN,139326,139063,139922,0,53.1447172780365,43.696477999216,-9.4482392788205
JB5  2026-04-10,193,0,0deg_3oclock,cue_expected,NaN,NaN,139923,139922,140638,0,38.2524023952765,46.0785009008803,7.82609850560379
JB5  2026-04-10,194,0,0deg_3oclock,preReward_target,140204,0,140637,139922,140638,0,47.0699449603543,76.2842343437972,29.2142893834429
JB5  2026-04-10,195,0,0deg_3oclock,preReward_nonTarget,140778,0,141202,140638,141586,180,38.1195943953565,46.1245256079196,8.00493121256311
JB5  2026-04-10,196,0,0deg_3oclock,cue_expected,NaN,NaN,141800,141586,142726,180,65.8011215629553,86.1296317727922,20.3285102098368
JB5  2026-04-10,197,0,0deg_3oclock,preReward_nonTarget,142312,30,142530,141586,142726,180,54.7970011997098,77.4568880949834,22.6598868952736
JB5  2026-04-10,198,0,0deg_3oclock,cue_expected,NaN,NaN,143017,142726,143467,180,55.8765601454092,80.6422917815508,24.7657316361416
JB5  2026-04-10,199,0,0deg_3oclock,cue_expected,NaN,NaN,143638,143467,144447,0,81.5505521629374,75.8810292379832,-5.66952292495419
JB5  2026-04-10,200,0,0deg_3oclock,cue_expected,NaN,NaN,144449,144447,145251,180,43.4860585236275,68.5907391817512,25.1046806581237
JB5  2026-04-10,201,0,0deg_3oclock,preReward_nonTarget,144877,30,145090,144447,145251,180,37.1776809723403,67.2691642747612,30.0914833024209
JB5  2026-04-10,202,0,0deg_3oclock,cue_expected,NaN,NaN,145426,145251,146107,0,77.2677076446648,71.8501135743653,-5.41759407029953
JB5  2026-04-10,203,0,0deg_3oclock,cue_expected,NaN,NaN,146111,146107,147634,180,34.2943655690916,72.3869053779961,38.0925398089044
JB5  2026-04-10,204,0,0deg_3oclock,preReward_nonTarget,146633,30,147456,146107,147634,180,38.0244467065979,42.2742669799042,4.24982027330631
JB5  2026-04-10,205,0,0deg_3oclock,preReward_nonTarget,147868,30,148048,147634,148201,180,78.9703790781087,118.2953068854,39.3249278072917
JB5  2026-04-10,206,0,0deg_3oclock,cue_expected,NaN,NaN,148669,148667,149040,180,38.5717227984005,69.3671858333274,30.7954630349269
JB5  2026-04-10,207,0,0deg_3oclock,cue_expected,NaN,NaN,149461,149458,149973,0,35.7043096558616,59.1725529623636,23.468243306502
JB5  2026-04-10,208,0,0deg_3oclock,cue_expected,NaN,NaN,149974,149973,150609,0,67.7741015802793,65.2122957119105,-2.56180586836885
JB5  2026-04-10,209,0,0deg_3oclock,preReward_target,150352,0,150609,149973,151146,0,66.985664403427,61.498321702372,-5.48734270105504
JB5  2026-04-10,210,0,0deg_3oclock,preReward_nonTarget,150810,0,151146,150609,152059,180,32.2722342163958,49.1955182773222,16.9232840609264
JB5  2026-04-10,211,0,0deg_3oclock,preReward_nonTarget,151587,30,151910,151146,152059,180,58.59151648019,101.410253182558,42.8187367023678
JB5  2026-04-10,212,0,0deg_3oclock,preReward_nonTarget,152264,30,152439,152059,152568,180,80.4303773284122,107.896574505613,27.4661971772004
JB5  2026-04-10,213,0,0deg_3oclock,preReward_target,152810,0,152958,152568,153892,0,111.800848001497,120.268747735845,8.4678997343479
JB5  2026-04-10,214,0,0deg_3oclock,preReward_nonTarget,153151,0,153892,152958,154276,180,34.1926243911786,46.3646067246057,12.1719823334271
JB5  2026-04-10,215,0,0deg_3oclock,cue_expected,NaN,NaN,154805,154276,155293,0,68.5736478679614,55.4969446027495,-13.0767032652119
JB5  2026-04-10,216,0,0deg_3oclock,cue_expected,NaN,NaN,155295,155293,155735,180,39.6554058541536,59.5649136007071,19.9095077465535
JB5  2026-04-10,217,0,0deg_3oclock,cue_expected,NaN,NaN,156118,156117,156839,180,41.2832743381414,67.0082000116963,25.7249256735548
JB5  2026-04-10,218,0,0deg_3oclock,preReward_nonTarget,156482,30,156703,156117,156839,180,33.9159890117032,83.465295576158,49.5493065644548
JB5  2026-04-10,219,0,0deg_3oclock,cue_expected,NaN,NaN,157028,156839,157371,180,72.0507044903611,60.6742220948516,-11.3764823955095
JB5  2026-04-10,220,0,0deg_3oclock,preReward_nonTarget,157573,30,157822,157371,158007,180,34.0178597147066,77.7015036911339,43.6836439764273
JB5  2026-04-10,221,0,0deg_3oclock,cue_expected,NaN,NaN,158199,158007,158844,0,69.0574142848772,58.041941091545,-11.0154731933322
JB5  2026-04-10,222,0,0deg_3oclock,cue_expected,NaN,NaN,158846,158844,159657,0,35.9199198221802,48.416661815539,12.4967419933588
JB5  2026-04-10,223,0,0deg_3oclock,cue_expected,NaN,NaN,159658,159657,160210,0,34.3624579714361,33.3084471224037,-1.05401084903239
JB5  2026-04-10,224,0,0deg_3oclock,cue_expected,NaN,NaN,160213,160210,160832,0,43.6991300434343,90.4358600236451,46.7367299802108
JB5  2026-04-10,225,0,0deg_3oclock,preReward_target,160533,0,160832,160210,161354,0,43.8814579459732,87.9728606848866,44.0914027389134
JB5  2026-04-10,226,0,0deg_3oclock,cue_expected,NaN,NaN,161357,161354,161862,0,36.9049494871416,34.8534436485664,-2.05150583857519
JB5  2026-04-10,227,0,0deg_3oclock,preReward_target,161557,0,161862,161354,162820,0,48.3537505384313,55.2280182877994,6.87426774936807
JB5  2026-04-10,228,0,0deg_3oclock,cue_expected,NaN,NaN,162313,161862,162820,0,40.0977252203084,50.568775807097,10.4710505867887
JB5  2026-04-10,229,0,0deg_3oclock,preReward_target,162411,0,162820,161862,163404,0,33.4842614162071,35.2855221674312,1.80126075122414
JB5  2026-04-10,230,0,0deg_3oclock,cue_expected,NaN,NaN,163406,163404,164005,0,34.3295795922339,36.312386691473,1.98280709923907
JB5  2026-04-10,231,0,0deg_3oclock,cue_expected,NaN,NaN,164007,164005,164689,0,35.2459609423985,44.4071957199864,9.16123477758794
JB5  2026-04-10,232,0,0deg_3oclock,preReward_target,164348,0,164689,164005,165247,0,39.7791426810364,100.411114027148,60.6319713461118
JB5  2026-04-10,233,0,0deg_3oclock,preReward_target,165026,0,165247,164689,165977,0,35.4217017238959,64.850429670883,29.4287279469871
JB5  2026-04-10,234,0,0deg_3oclock,preReward_nonTarget,165728,0,165977,165247,166402,180,35.3057426971412,39.1163323553529,3.81058965821167
JB5  2026-04-10,235,0,0deg_3oclock,cue_expected,NaN,NaN,166570,166402,167197,0,70.8773928795529,60.5426168288485,-10.3347760507044
JB5  2026-04-10,236,0,0deg_3oclock,cue_expected,NaN,NaN,167198,167197,167651,180,36.0298969019958,60.4987072061337,24.4688103041379
JB5  2026-04-10,237,0,0deg_3oclock,cue_expected,NaN,NaN,167807,167651,168732,180,67.9581971260438,69.2959682988878,1.33777117284396
JB5  2026-04-10,238,0,0deg_3oclock,preReward_target,168939,0,169147,168732,169711,0,38.3382854137449,94.9386685446581,56.6003831309132
JB5  2026-04-10,239,0,0deg_3oclock,cue_expected,NaN,NaN,169713,169711,170123,180,32.3577588551538,57.5681198179554,25.2103609628016
JB5  2026-04-10,240,0,0deg_3oclock,preReward_nonTarget,170272,0,170527,170123,171019,180,32.5829816415937,40.03054630321,7.44756466161632
JB5  2026-04-10,241,0,0deg_3oclock,preReward_nonTarget,171143,30,171378,171019,171563,180,34.1403557537264,62.784802517678,28.6444467639516
JB5  2026-04-10,242,0,0deg_3oclock,cue_expected,NaN,NaN,171730,171563,172726,180,77.9139858515278,88.5788868902838,10.664901038756
JB5  2026-04-10,243,0,0deg_3oclock,preReward_nonTarget,172258,30,172549,171563,172726,180,33.6209966681553,39.309426601748,5.68842993359272
JB5  2026-04-10,244,0,0deg_3oclock,cue_expected,NaN,NaN,173292,173289,173649,180,36.6618344953901,61.6804199011304,25.0185854057403
JB5  2026-04-10,245,0,0deg_3oclock,cue_expected,NaN,NaN,173821,173649,174197,180,33.1226992292611,81.1761277089585,48.0534284796974
JB5  2026-04-10,246,0,0deg_3oclock,preReward_nonTarget,174354,0,174731,174197,175124,180,37.4525896418398,82.3884524468786,44.9358628050388
JB5  2026-04-10,247,0,0deg_3oclock,cue_expected,NaN,NaN,175381,175124,175898,0,30.2117129677211,71.0334709424788,40.8217579747578
JB5  2026-04-10,248,0,0deg_3oclock,cue_expected,NaN,NaN,175899,175898,176384,180,31.7458859102636,35.228241731833,3.4823558215694
JB5  2026-04-10,249,0,0deg_3oclock,cue_expected,NaN,NaN,176588,176384,176977,180,43.0258305315852,29.6647381423985,-13.3610923891867
JB5  2026-04-10,250,0,0deg_3oclock,cue_expected,NaN,NaN,177179,176977,177942,180,51.8453750011249,34.4321078435628,-17.4132671575621
JB5  2026-04-10,251,0,0deg_3oclock,preReward_target,178132,0,178482,177942,178483,0,31.7113033211934,94.4683192158663,62.7570158946729
JB5  2026-04-10,252,0,0deg_3oclock,cue_expected,NaN,NaN,179043,179042,179626,0,28.892670965436,64.549937113829,35.657266148393
JB5  2026-04-10,253,0,0deg_3oclock,cue_expected,NaN,NaN,179627,179626,180183,0,38.0123027709242,57.2961586393151,19.283855868391
JB5  2026-04-10,254,0,0deg_3oclock,cue_expected,NaN,NaN,180185,180183,181003,180,34.3400606927776,44.7373129802832,10.3972522875056
JB5  2026-04-10,255,0,0deg_3oclock,preReward_nonTarget,180651,30,180844,180183,181003,180,29.2027562294064,72.4376299202131,43.2348736908067
JB5  2026-04-10,256,0,0deg_3oclock,preReward_nonTarget,181211,30,181445,181003,181624,180,29.5502052282685,104.091536680144,74.5413314518759
JB5  2026-04-10,257,0,0deg_3oclock,cue_expected,NaN,NaN,181986,181984,182363,180,39.0460856931345,94.6839127292841,55.6378270361497
JB5  2026-04-10,258,0,0deg_3oclock,cue_expected,NaN,NaN,182539,182363,182968,180,79.7805299561608,62.5598063423097,-17.220723613851
JB5  2026-04-10,259,0,0deg_3oclock,cue_expected,NaN,NaN,183290,182968,183640,180,78.5917974863642,27.8101099726124,-50.7816875137519
JB5  2026-04-10,260,0,0deg_3oclock,cue_expected,NaN,NaN,183805,183640,184472,0,49.663016999429,69.0480644001155,19.3850474006865
JB5  2026-04-10,261,0,0deg_3oclock,cue_expected,NaN,NaN,184473,184472,185739,180,36.6011187938615,48.7526518931368,12.1515330992753
JB5  2026-04-10,262,0,0deg_3oclock,cue_expected,NaN,NaN,184876,184472,185739,180,52.8536952497875,25.2698312027504,-27.5838640470371
JB5  2026-04-10,263,0,0deg_3oclock,cue_expected,NaN,NaN,185946,185739,186476,0,59.6580853383589,53.3880229188462,-6.27006241951274
JB5  2026-04-10,264,0,0deg_3oclock,cue_expected,NaN,NaN,186477,186476,186904,180,32.0437627801189,39.3025475165505,7.2587847364316
JB5  2026-04-10,265,0,0deg_3oclock,preReward_target,187069,0,187314,186904,188041,0,29.3099012771991,55.0501693456359,25.7402680684369
JB5  2026-04-10,266,0,0deg_3oclock,preReward_nonTarget,187805,0,188041,187314,188802,180,35.2869296085709,108.814445875682,73.527516267111
JB5  2026-04-10,267,0,0deg_3oclock,preReward_nonTarget,188382,30,188641,188041,188802,180,29.9792250969217,44.3065868310657,14.3273617341441
JB5  2026-04-10,268,0,0deg_3oclock,preReward_nonTarget,188955,30,189310,188802,189458,180,31.9913001197701,69.6126827227977,37.6213826030276
JB5  2026-04-10,269,0,0deg_3oclock,preReward_nonTarget,189642,30,189903,189458,190053,180,39.2046195970816,54.9748109112907,15.7701913142091
JB5  2026-04-10,270,0,0deg_3oclock,cue_expected,NaN,NaN,190383,190053,190968,0,82.2619479630425,4.19640681431818,-78.0655411487243
JB5  2026-04-10,271,0,0deg_3oclock,cue_expected,NaN,NaN,190970,190968,191554,0,32.253739737975,55.8220085876196,23.5682688496446
JB5  2026-04-10,272,0,0deg_3oclock,cue_expected,NaN,NaN,191555,191554,192076,0,37.8227115307018,46.978602725961,9.15589119525926
JB5  2026-04-10,273,0,0deg_3oclock,preReward_nonTarget,191812,0,192076,191554,192559,180,30.4881163931508,54.4585555065028,23.970439113352
JB5  2026-04-10,274,0,0deg_3oclock,preReward_nonTarget,192710,30,193326,192559,193507,180,35.5755200646265,66.2879989058655,30.712478841239
JB5  2026-04-10,275,0,0deg_3oclock,preReward_nonTarget,193709,30,193948,193507,194107,180,43.3126611301971,72.8432673866144,29.5306062564173
JB5  2026-04-10,276,0,0deg_3oclock,preReward_nonTarget,194295,30,194572,194107,194750,180,34.0114274907868,65.5510975002844,31.5396700094977
JB5  2026-04-10,277,0,0deg_3oclock,preReward_nonTarget,194957,0,195167,194750,195532,180,35.7864831200246,80.172438904594,44.3859557845695
JB5  2026-04-10,278,0,0deg_3oclock,cue_expected,NaN,NaN,195886,195885,196400,0,33.2650149980818,79.0541029092232,45.7890879111414
JB5  2026-04-10,279,0,0deg_3oclock,cue_expected,NaN,NaN,196402,196400,197145,180,58.0503200714935,65.7275091501909,7.67718907869735
JB5  2026-04-10,280,0,0deg_3oclock,preReward_nonTarget,196787,30,196960,196400,197145,180,29.4960916513133,100.673889392963,71.1777977416495
JB5  2026-04-10,281,0,0deg_3oclock,cue_expected,NaN,NaN,197356,197145,197724,180,32.7952349498475,55.2796870596884,22.484452109841
JB5  2026-04-10,282,0,0deg_3oclock,preReward_nonTarget,197954,30,198162,197724,198325,180,35.0729554692127,92.953476827841,57.8805213586283
JB5  2026-04-10,283,0,0deg_3oclock,preReward_nonTarget,198536,30,198691,198325,198883,180,66.6821171890946,102.498220180297,35.8161029912028
JB5  2026-04-10,284,180,180deg_9oclock,cue_expected,NaN,NaN,1234,1232,1904,180,41.2121359956846,47.7648658832558,6.55272988757118
JB5  2026-04-10,285,180,180deg_9oclock,preReward_target,1371,30,1904,1232,2448,180,40.6417947993813,42.0127124307295,1.37091763134817
JB5  2026-04-10,286,180,180deg_9oclock,preReward_target,2187,30,2447,1904,2448,180,44.518454109498,45.4066941582822,0.888240048784134
JB5  2026-04-10,287,180,180deg_9oclock,preReward_nonTarget,2877,0,3520,2448,3759,0,37.4353372411772,44.4199468370097,6.98460959583243
JB5  2026-04-10,288,180,180deg_9oclock,preReward_nonTarget,3967,0,4428,3759,4688,0,38.2842716013219,40.5686434194261,2.28437181810418
JB5  2026-04-10,289,180,180deg_9oclock,cue_expected,NaN,NaN,4948,4688,5618,180,42.0837562788322,44.381570463065,2.29781418423282
JB5  2026-04-10,290,180,180deg_9oclock,preReward_target,5149,30,5618,4688,6452,180,44.5472360673595,40.6347726617476,-3.91246340561189
JB5  2026-04-10,291,180,180deg_9oclock,preReward_nonTarget,5777,30,6452,5618,7324,0,48.2336386256153,39.1602705221098,-9.07336810350546
JB5  2026-04-10,292,180,180deg_9oclock,preReward_nonTarget,6804,0,7121,6452,7324,0,35.8315329125374,33.7742245992022,-2.05730831333522
JB5  2026-04-10,293,180,180deg_9oclock,cue_expected,NaN,NaN,7517,7324,8183,180,45.7655639962977,74.1303688060017,28.364804809704
JB5  2026-04-10,294,180,180deg_9oclock,preReward_nonTarget,7616,30,8183,7324,8756,0,35.7995706451822,36.1274309996505,0.327860354468321
JB5  2026-04-10,295,180,180deg_9oclock,cue_expected,NaN,NaN,9274,8756,9609,0,40.9656887427751,45.7089375906039,4.7432488478288
JB5  2026-04-10,296,180,180deg_9oclock,cue_expected,NaN,NaN,9998,9995,10542,0,34.6852350168218,65.446777580772,30.7615425639502
JB5  2026-04-10,297,180,180deg_9oclock,cue_expected,NaN,NaN,11035,11033,11885,0,36.651651407547,76.9249951690238,40.2733437614768
JB5  2026-04-10,298,180,180deg_9oclock,preReward_nonTarget,11359,0,11669,11033,11885,0,36.7467507601282,34.9870576403809,-1.75969311974725
JB5  2026-04-10,299,180,180deg_9oclock,cue_expected,NaN,NaN,12247,11885,12857,180,39.8773110980246,84.4388759811615,44.5615648831368
JB5  2026-04-10,300,180,180deg_9oclock,preReward_target,12348,30,12857,11885,13565,180,45.9016427024631,39.696580621931,-6.20506208053212
JB5  2026-04-10,301,180,180deg_9oclock,cue_expected,NaN,NaN,13568,13565,14237,180,40.5705326905259,38.6349848299875,-1.9355478605384
JB5  2026-04-10,302,180,180deg_9oclock,cue_expected,NaN,NaN,14242,14237,14892,180,30.8081964993868,31.6281193075204,0.819922808133601
JB5  2026-04-10,303,180,180deg_9oclock,preReward_target,14411,30,14892,14237,15595,180,26.9991442284502,61.7979274368287,34.7987832083784
JB5  2026-04-10,304,180,180deg_9oclock,preReward_target,15428,30,15595,14892,16255,180,32.8598400545473,64.8835679065136,32.0237278519663
JB5  2026-04-10,305,180,180deg_9oclock,preReward_nonTarget,15842,30,16255,15595,17053,0,36.8430905188913,38.2532366183503,1.41014609945902
JB5  2026-04-10,306,180,180deg_9oclock,preReward_nonTarget,16547,0,16823,16255,17053,0,34.0155221955312,41.1841870892525,7.16866489372126
JB5  2026-04-10,307,180,180deg_9oclock,cue_expected,NaN,NaN,17383,17053,17972,180,48.5756561549831,58.9678809368413,10.3922247818582
JB5  2026-04-10,308,180,180deg_9oclock,cue_expected,NaN,NaN,17973,17972,18647,180,38.3409270202239,37.4435758486916,-0.897351171532272
JB5  2026-04-10,309,180,180deg_9oclock,preReward_target,18179,30,18647,17972,19233,180,32.9403022481499,39.9549330227941,7.01463077464419
JB5  2026-04-10,310,180,180deg_9oclock,cue_expected,NaN,NaN,19234,19233,19688,0,31.991634876149,51.6360569434751,19.6444220673261
JB5  2026-04-10,311,180,180deg_9oclock,cue_expected,NaN,NaN,19946,19688,21126,180,34.2430962575189,51.261305114026,17.0182088565071
JB5  2026-04-10,312,180,180deg_9oclock,cue_expected,NaN,NaN,21128,21126,22191,0,39.3256647783434,39.6047276161487,0.279062837805263
JB5  2026-04-10,313,180,180deg_9oclock,cue_expected,NaN,NaN,21758,21126,22191,0,39.4059237927554,37.5057724998829,-1.90015129287244
JB5  2026-04-10,314,180,180deg_9oclock,cue_expected,NaN,NaN,22603,22191,23196,180,33.100455486891,65.5283226836362,32.4278671967452
JB5  2026-04-10,315,180,180deg_9oclock,cue_expected,NaN,NaN,23198,23196,23926,180,36.1133561556051,30.962738867771,-5.15061728783407
JB5  2026-04-10,316,180,180deg_9oclock,preReward_target,23723,30,23926,23196,24751,180,35.5274434958007,62.83677414748,27.3093306516793
JB5  2026-04-10,317,180,180deg_9oclock,cue_expected,NaN,NaN,24753,24751,25316,0,37.4821933328947,37.7671038960529,0.284910563158199
JB5  2026-04-10,318,180,180deg_9oclock,preReward_nonTarget,25524,0,25857,25316,26022,0,46.8438242955336,64.1988137411899,17.3549894456563
JB5  2026-04-10,319,180,180deg_9oclock,preReward_target,26175,30,26452,26022,27182,180,39.911958205896,40.5881091875373,0.676150981641243
JB5  2026-04-10,320,180,180deg_9oclock,preReward_target,26759,30,27182,26452,28087,180,33.6062508746364,36.3281294711069,2.72187859647052
JB5  2026-04-10,321,180,180deg_9oclock,cue_expected,NaN,NaN,28088,28087,28530,0,33.5661328729083,35.0821623923206,1.51602951941231
JB5  2026-04-10,322,180,180deg_9oclock,cue_expected,NaN,NaN,28877,28530,29281,0,67.3888161466217,5.06592410115995,-62.3228920454618
JB5  2026-04-10,323,180,180deg_9oclock,cue_expected,NaN,NaN,29487,29281,30168,0,65.2121765781036,74.5748577841466,9.36268120604305
JB5  2026-04-10,324,180,180deg_9oclock,preReward_nonTarget,30371,0,30822,30168,31002,0,27.8907074617041,85.8544882904731,57.9637808287691
JB5  2026-04-10,325,180,180deg_9oclock,preReward_nonTarget,31204,0,31375,31002,31541,0,35.9238391244265,92.8868090691814,56.9629699447549
JB5  2026-04-10,326,180,180deg_9oclock,preReward_nonTarget,31758,30,31962,31541,32783,0,28.2681287783312,92.5208627680559,64.2527339897247
JB5  2026-04-10,327,180,180deg_9oclock,preReward_nonTarget,32408,0,32580,31962,32783,0,40.1678920036399,76.8141567186118,36.6462647149718
JB5  2026-04-10,328,180,180deg_9oclock,preReward_nonTarget,32951,0,33223,32783,33415,0,35.3867684478726,47.7078275151918,12.3210590673192
JB5  2026-04-10,329,180,180deg_9oclock,cue_expected,NaN,NaN,33611,33415,34364,0,76.6156649830021,73.0947183960262,-3.52094658697585
JB5  2026-04-10,330,180,180deg_9oclock,cue_expected,NaN,NaN,34581,34364,35120,180,53.5912951346084,35.9814127396105,-17.6098823949979
JB5  2026-04-10,331,180,180deg_9oclock,cue_expected,NaN,NaN,35123,35120,35524,0,34.3060263769639,27.9821275046395,-6.32389887232439
JB5  2026-04-10,332,180,180deg_9oclock,cue_expected,NaN,NaN,35743,35524,36322,0,39.2401321650635,27.9295164468988,-11.3106157181646
JB5  2026-04-10,333,180,180deg_9oclock,cue_expected,NaN,NaN,36507,36322,37288,0,65.5237583986228,76.0702363257057,10.546477927083
JB5  2026-04-10,334,180,180deg_9oclock,cue_expected,NaN,NaN,37514,37288,38106,180,73.2712410373715,60.2288674141923,-13.0423736231792
JB5  2026-04-10,335,180,180deg_9oclock,preReward_nonTarget,37679,30,38106,37288,38567,0,26.6784060837697,37.2970495946611,10.6186435108914
JB5  2026-04-10,336,180,180deg_9oclock,cue_expected,NaN,NaN,38984,38567,39348,0,34.4054873542938,76.3984798459229,41.992992491629
JB5  2026-04-10,337,180,180deg_9oclock,cue_expected,NaN,NaN,39518,39348,39905,0,71.1010404310048,81.7601906325112,10.6591502015064
JB5  2026-04-10,338,180,180deg_9oclock,cue_expected,NaN,NaN,40212,39905,40599,0,57.5349409230214,83.8633447201321,26.3284037971107
JB5  2026-04-10,339,180,180deg_9oclock,cue_expected,NaN,NaN,40848,40599,41478,0,63.3048389304024,77.6528758472998,14.3480369168974
JB5  2026-04-10,340,180,180deg_9oclock,preReward_target,41630,30,42066,41478,42067,180,42.6757895724025,51.8492610502837,9.17347147788122
JB5  2026-04-10,341,180,180deg_9oclock,cue_expected,NaN,NaN,42670,42665,43228,180,31.8570622411052,99.0027120652026,67.1456498240974
JB5  2026-04-10,342,180,180deg_9oclock,preReward_nonTarget,42937,30,43228,42665,44238,0,32.0484627542549,35.2449439860106,3.1964812317557
JB5  2026-04-10,343,180,180deg_9oclock,preReward_nonTarget,43806,0,44044,43228,44238,0,32.8389184858394,59.209915151821,26.3709966659816
JB5  2026-04-10,344,180,180deg_9oclock,preReward_nonTarget,44503,0,44754,44238,44920,0,30.5737659532844,94.6324507275313,64.0586847742469
JB5  2026-04-10,345,180,180deg_9oclock,preReward_nonTarget,45114,0,45413,44920,45591,0,30.7349488003338,47.8075025946234,17.0725537942896
JB5  2026-04-10,346,180,180deg_9oclock,preReward_nonTarget,45890,0,46124,45591,46285,0,41.4479450407408,58.4227791257818,16.974834085041
JB5  2026-04-10,347,180,180deg_9oclock,preReward_nonTarget,46410,0,46653,46285,46862,0,51.4168609835427,52.8682125504533,1.45135156691056
JB5  2026-04-10,348,180,180deg_9oclock,cue_expected,NaN,NaN,47354,47353,47699,0,34.0766323703389,52.1840247304059,18.107392360067
JB5  2026-04-10,349,180,180deg_9oclock,cue_expected,NaN,NaN,48249,47699,48649,0,46.2161024746746,5.2284864960937,-40.9876159785809
JB5  2026-04-10,350,180,180deg_9oclock,cue_expected,NaN,NaN,48862,48649,49473,0,46.4525665928064,50.8912276113698,4.43866101856336
JB5  2026-04-10,351,180,180deg_9oclock,cue_expected,NaN,NaN,49891,49890,50313,0,33.9206559932929,63.2369708732754,29.3163148799824
JB5  2026-04-10,352,180,180deg_9oclock,cue_expected,NaN,NaN,50505,50313,50863,0,56.8058152021935,64.0953537915374,7.28953858934397
JB5  2026-04-10,353,180,180deg_9oclock,preReward_target,51085,30,51477,50863,52071,180,38.6603807018065,52.2132170238776,13.5528363220711
JB5  2026-04-10,354,180,180deg_9oclock,preReward_nonTarget,51710,30,52071,51477,52858,0,33.5296244742086,52.4160726873534,18.8864482131448
JB5  2026-04-10,355,180,180deg_9oclock,preReward_nonTarget,52348,0,52623,52071,52858,0,31.9331228243081,51.7961009854955,19.8629781611875
JB5  2026-04-10,356,180,180deg_9oclock,cue_expected,NaN,NaN,53181,52858,53808,180,84.4540860995672,66.6228875077791,-17.8311985917881
JB5  2026-04-10,357,180,180deg_9oclock,preReward_nonTarget,53284,30,53808,52858,54590,0,32.2752003484279,51.2792460243678,19.0040456759399
JB5  2026-04-10,358,180,180deg_9oclock,preReward_nonTarget,54165,0,54419,53808,54590,0,54.9197935181061,47.9196534062924,-7.00014011181368
JB5  2026-04-10,359,180,180deg_9oclock,preReward_target,54753,30,54971,54590,55797,180,62.2659785407852,73.9762727427472,11.7102942019621
JB5  2026-04-10,360,180,180deg_9oclock,cue_expected,NaN,NaN,55799,55797,56423,180,38.4328866607303,95.282665579015,56.8497789182846
JB5  2026-04-10,361,180,180deg_9oclock,preReward_target,55943,30,56423,55797,57115,180,28.5958859773805,53.3104490767388,24.7145630993584
JB5  2026-04-10,362,180,180deg_9oclock,preReward_target,56583,30,57115,56423,57735,180,83.1932942980269,57.9827278458884,-25.2105664521385
JB5  2026-04-10,363,180,180deg_9oclock,preReward_nonTarget,57402,30,57735,57115,58489,0,36.9104421860942,39.4121250740092,2.50168288791497
JB5  2026-04-10,364,180,180deg_9oclock,preReward_nonTarget,58022,0,58307,57735,58489,0,34.5539235472943,53.6474665306607,19.0935429833664
JB5  2026-04-10,365,180,180deg_9oclock,cue_expected,NaN,NaN,58887,58885,59472,180,32.5457515326374,95.5962831567798,63.0505316241424
JB5  2026-04-10,366,180,180deg_9oclock,preReward_nonTarget,59209,30,59472,58885,60144,0,54.0340269481332,52.3837548572146,-1.6502720909186
JB5  2026-04-10,367,180,180deg_9oclock,cue_expected,NaN,NaN,60327,60144,60690,0,74.1653598463415,61.2993688209555,-12.8659910253861
JB5  2026-04-10,368,180,180deg_9oclock,cue_expected,NaN,NaN,61118,60690,61652,180,64.1605328517837,61.5620154440005,-2.59851740778318
JB5  2026-04-10,369,180,180deg_9oclock,cue_expected,NaN,NaN,61656,61652,62425,180,35.2672619027698,38.1425435704064,2.87528166763661
JB5  2026-04-10,370,180,180deg_9oclock,cue_expected,NaN,NaN,62427,62425,63182,180,30.2165887930017,85.6679854607301,55.4513966677284
JB5  2026-04-10,371,180,180deg_9oclock,preReward_target,62645,30,63182,62425,64054,180,63.8534525788191,55.9082606646034,-7.94519191421573
JB5  2026-04-10,372,180,180deg_9oclock,cue_expected,NaN,NaN,64056,64054,65519,0,63.7635889272867,43.4497026162695,-20.3138863110172
JB5  2026-04-10,373,180,180deg_9oclock,preReward_nonTarget,64953,0,65149,64054,65519,0,38.8762604655743,56.3652745876058,17.4890141220316
JB5  2026-04-10,374,180,180deg_9oclock,cue_expected,NaN,NaN,66233,65519,67343,180,37.5751058196474,31.9086459892667,-5.66645983038067
JB5  2026-04-10,375,180,180deg_9oclock,preReward_target,66436,30,67343,65519,68204,180,36.8281312778977,43.2299232577244,6.40179197982669
JB5  2026-04-10,376,180,180deg_9oclock,cue_expected,NaN,NaN,68205,68204,69358,0,63.84327458625,64.3536972670934,0.510422680843341
JB5  2026-04-10,377,180,180deg_9oclock,preReward_nonTarget,68977,0,69156,68204,69358,0,38.88343228251,68.1870732079012,29.3036409253912
JB5  2026-04-10,378,180,180deg_9oclock,cue_expected,NaN,NaN,70287,69358,70672,0,30.7416646801902,75.3137348794537,44.5720701992635
JB5  2026-04-10,379,180,180deg_9oclock,cue_expected,NaN,NaN,71473,71471,72240,0,32.4076971070313,47.1162395614908,14.7085424544595
JB5  2026-04-10,380,180,180deg_9oclock,preReward_nonTarget,71763,0,72069,71471,72240,0,30.8430482459155,71.6939311479582,40.8508829020427
JB5  2026-04-10,381,180,180deg_9oclock,preReward_nonTarget,72493,0,72755,72240,72943,0,34.2587341891069,65.81916253112,31.560428342013
JB5  2026-04-10,382,180,180deg_9oclock,cue_expected,NaN,NaN,73150,72943,73760,0,68.9479528794345,87.9133439344816,18.9653910550471
JB5  2026-04-10,383,180,180deg_9oclock,cue_expected,NaN,NaN,73942,73760,74472,0,55.8329404087719,81.0413497630653,25.2084093542934
JB5  2026-04-10,384,180,180deg_9oclock,preReward_nonTarget,74623,30,74869,74472,75372,0,38.9948297320862,61.0044669836108,22.0096372515246
JB5  2026-04-10,385,180,180deg_9oclock,preReward_nonTarget,75521,0,75791,75372,75952,0,34.8910956029693,43.563910918086,8.67281531511668
JB5  2026-04-10,386,180,180deg_9oclock,cue_expected,NaN,NaN,76397,75952,77162,180,3.41134239627173,74.1328348660665,70.7214924697948
JB5  2026-04-10,387,180,180deg_9oclock,cue_expected,NaN,NaN,77165,77162,77847,180,36.631733005956,61.3247098537652,24.6929768478092
JB5  2026-04-10,388,180,180deg_9oclock,cue_expected,NaN,NaN,77849,77847,78734,0,33.1871680664202,60.7062331126822,27.519065046262
JB5  2026-04-10,389,180,180deg_9oclock,preReward_nonTarget,78324,0,78572,77847,78734,0,42.5272846811861,94.2872193740314,51.7599346928453
JB5  2026-04-10,390,180,180deg_9oclock,preReward_nonTarget,78942,0,79288,78734,79581,0,93.6303783536359,70.9442060046879,-22.686172348948
JB5  2026-04-10,391,180,180deg_9oclock,cue_expected,NaN,NaN,80000,79581,80375,0,72.2320424187893,4.77864069696626,-67.4534017218231
JB5  2026-04-10,392,180,180deg_9oclock,preReward_nonTarget,80658,0,80836,80375,81032,0,57.969885735191,59.0114042973942,1.04151856220318
JB5  2026-04-10,393,180,180deg_9oclock,cue_expected,NaN,NaN,81296,81032,82004,180,60.4789717528362,50.7221454100716,-9.75682634276462
JB5  2026-04-10,394,180,180deg_9oclock,preReward_target,81397,30,82004,81032,82545,180,41.2355859749062,63.0929056674416,21.8573196925354
JB5  2026-04-10,395,180,180deg_9oclock,cue_expected,NaN,NaN,82547,82545,83222,0,56.4724343355666,48.3154747860949,-8.15695954947173
JB5  2026-04-10,396,180,180deg_9oclock,preReward_nonTarget,82906,0,83082,82545,83222,0,62.5533978886659,72.6494158065815,10.0960179179156
JB5  2026-04-10,397,180,180deg_9oclock,preReward_nonTarget,83431,0,83707,83222,83869,0,71.6132323768221,85.6674533465347,14.0542209697125
JB5  2026-04-10,398,180,180deg_9oclock,cue_expected,NaN,NaN,84082,83869,84719,180,34.5908459984212,30.1393299154542,-4.45151608296704
JB5  2026-04-10,399,180,180deg_9oclock,cue_expected,NaN,NaN,84720,84719,85477,180,38.4879423857085,64.5169819924233,26.0290396067148
JB5  2026-04-10,400,180,180deg_9oclock,preReward_nonTarget,85086,30,85477,84719,86284,0,63.0712231775973,105.201541561286,42.1303183836889
JB5  2026-04-10,401,180,180deg_9oclock,preReward_nonTarget,85768,0,86135,85477,86284,0,35.5791705118235,58.0916210816881,22.5124505698646
JB5  2026-04-10,402,180,180deg_9oclock,cue_expected,NaN,NaN,86707,86705,87080,0,38.3352861323434,92.3787733684186,54.0434872360751
JB5  2026-04-10,403,180,180deg_9oclock,cue_expected,NaN,NaN,87297,87080,88398,0,77.4252035993213,72.7900965709695,-4.63510702835184
JB5  2026-04-10,404,180,180deg_9oclock,cue_expected,NaN,NaN,88602,88398,89191,180,35.2194444120269,51.5659674604219,16.346523048395
JB5  2026-04-10,405,180,180deg_9oclock,preReward_nonTarget,88896,30,89191,88398,89677,0,57.2813504553214,76.9286927192718,19.6473422639504
JB5  2026-04-10,406,180,180deg_9oclock,cue_expected,NaN,NaN,89852,89677,90233,0,48.4951023516102,71.9379535283175,23.4428511767073
JB5  2026-04-10,407,180,180deg_9oclock,preReward_nonTarget,90437,0,90673,90233,90798,0,38.8430188235461,103.893842599159,65.0508237756131
JB5  2026-04-10,408,180,180deg_9oclock,preReward_nonTarget,91004,0,91252,90798,91398,0,52.1792549335181,96.976997462273,44.7977425287549
JB5  2026-04-10,409,180,180deg_9oclock,preReward_nonTarget,91662,0,91943,91398,92122,0,42.7455850167194,107.436735500489,64.6911504837694
JB5  2026-04-10,410,180,180deg_9oclock,cue_expected,NaN,NaN,92564,92122,93063,180,3.10313340684174,57.2215974571513,54.1184640503096
JB5  2026-04-10,411,180,180deg_9oclock,preReward_target,92711,30,93063,92122,93625,180,35.5752809736665,37.2733085410247,1.69802756735822
JB5  2026-04-10,412,180,180deg_9oclock,cue_expected,NaN,NaN,93628,93625,94228,180,33.1349785963512,50.765796233477,17.6308176371258
JB5  2026-04-10,413,180,180deg_9oclock,preReward_nonTarget,93829,30,94228,93625,95052,0,65.2882227237418,57.5006768966132,-7.78754582712868
JB5  2026-04-10,414,180,180deg_9oclock,preReward_nonTarget,94634,0,94864,94228,95052,0,45.4696913925461,60.3434810934089,14.8737897008628
JB5  2026-04-10,415,180,180deg_9oclock,cue_expected,NaN,NaN,95627,95625,96110,180,47.0674642381001,121.349095404861,74.281631166761
JB5  2026-04-10,416,180,180deg_9oclock,preReward_target,95762,30,96110,95625,96781,180,66.3393091956301,60.3250308975477,-6.01427829808247
JB5  2026-04-10,417,180,180deg_9oclock,preReward_target,96601,30,96781,96110,97349,180,29.7494649287064,97.2514970387798,67.5020321100734
JB5  2026-04-10,418,180,180deg_9oclock,cue_expected,NaN,NaN,97350,97349,98274,0,33.4978265732947,53.6299102141727,20.132083640878
JB5  2026-04-10,419,180,180deg_9oclock,preReward_nonTarget,97947,0,98141,97349,98274,0,55.2307214880926,99.8395276687643,44.6088061806717
JB5  2026-04-10,420,180,180deg_9oclock,cue_expected,NaN,NaN,98880,98878,99825,0,55.5932883870073,39.552166723789,-16.0411216632183
JB5  2026-04-10,421,180,180deg_9oclock,preReward_nonTarget,99341,0,99622,98878,99825,0,40.3141233500212,55.0728274832864,14.7587041332652
JB5  2026-04-10,422,180,180deg_9oclock,preReward_target,100018,30,100526,99825,100527,180,52.6441232790256,49.5320783642759,-3.11204491474963
JB5  2026-04-10,423,180,180deg_9oclock,preReward_nonTarget,101010,30,101390,100527,102436,0,46.939939051579,79.0048073953284,32.0648683437493
JB5  2026-04-10,424,180,180deg_9oclock,preReward_nonTarget,102676,0,102876,102436,103307,0,55.2161055139713,62.3854304541619,7.16932494019062
JB5  2026-04-10,425,180,180deg_9oclock,preReward_target,103463,30,103763,103307,105219,180,47.9042039390091,49.0637568354889,1.15955289647979
JB5  2026-04-10,426,180,180deg_9oclock,cue_expected,NaN,NaN,105221,105219,106071,180,32.8082240124299,50.2138892076586,17.4056651952287
JB5  2026-04-10,427,180,180deg_9oclock,preReward_target,105419,30,106071,105219,106726,180,45.9369338861804,33.5007540159922,-12.4361798701882
JB5  2026-04-10,428,180,180deg_9oclock,preReward_target,106478,30,106726,106071,107350,180,45.9062394884777,43.5820457226556,-2.32419376582217
JB5  2026-04-10,429,180,180deg_9oclock,preReward_target,107152,30,107350,106726,108037,180,34.1903581331692,96.4660237745407,62.2756656413715
JB5  2026-04-10,430,180,180deg_9oclock,cue_expected,NaN,NaN,108038,108037,108444,0,50.2124220211863,109.150693634339,58.9382716131525
JB5  2026-04-10,431,180,180deg_9oclock,cue_expected,NaN,NaN,108621,108444,109032,0,63.9190349088666,55.2792098159126,-8.63982509295395
JB5  2026-04-10,432,180,180deg_9oclock,preReward_nonTarget,109190,0,109427,109032,109572,0,43.5473736290033,77.0334238743395,33.4860502453362
JB5  2026-04-10,433,180,180deg_9oclock,cue_expected,NaN,NaN,110002,109572,110578,180,49.7136582820627,42.1798903413606,-7.53376794070204
JB5  2026-04-10,434,180,180deg_9oclock,cue_expected,NaN,NaN,110581,110578,110986,0,37.7168944884904,31.5844054542536,-6.13248903423682
JB5  2026-04-10,435,180,180deg_9oclock,cue_expected,NaN,NaN,111606,110986,112119,180,37.1662739519108,98.4837196084765,61.3174456565656
JB5  2026-04-10,436,180,180deg_9oclock,preReward_target,111705,30,112119,110986,113219,180,47.0291069418465,69.9503655201047,22.9212585782582
JB5  2026-04-10,437,180,180deg_9oclock,cue_expected,NaN,NaN,112704,112119,113219,180,46.3430225981602,63.4190107823795,17.0759881842193
JB5  2026-04-10,438,180,180deg_9oclock,preReward_nonTarget,112804,30,113219,112119,114029,0,45.1374442709428,41.7186071587404,-3.4188371122024
JB5  2026-04-10,439,180,180deg_9oclock,preReward_nonTarget,113690,0,113862,113219,114029,0,73.2728697343425,121.495099069772,48.2222293354299
JB5  2026-04-10,440,180,180deg_9oclock,cue_expected,NaN,NaN,114241,114029,114680,0,91.929880320852,83.6391819398285,-8.29069838102349
JB5  2026-04-10,441,180,180deg_9oclock,cue_expected,NaN,NaN,114912,114680,115247,0,73.4575969834845,79.7812600759495,6.32366309246504
JB5  2026-04-10,442,180,180deg_9oclock,preReward_nonTarget,115399,0,115629,115247,115780,0,69.6794327156341,88.9449253633212,19.2654926476871
JB5  2026-04-10,443,180,180deg_9oclock,cue_expected,NaN,NaN,115968,115780,116837,0,81.3800909547393,81.1646928072465,-0.215398147492877
JB5  2026-04-10,444,180,180deg_9oclock,preReward_nonTarget,116417,0,116676,115780,116837,0,35.3468525850341,75.0241344530875,39.6772818680534
JB5  2026-04-10,445,180,180deg_9oclock,cue_expected,NaN,NaN,117057,116837,118011,180,80.3174760850025,91.7746461622427,11.4571700772403
JB5  2026-04-10,446,180,180deg_9oclock,preReward_nonTarget,117155,30,118011,116837,118520,0,37.3008219178757,48.5950572295916,11.2942353117158
JB5  2026-04-10,447,180,180deg_9oclock,preReward_nonTarget,119019,0,119190,118520,119377,0,41.6946104434426,83.4550672697657,41.7604568263231
JB5  2026-04-10,448,180,180deg_9oclock,cue_expected,NaN,NaN,119558,119377,120947,180,77.8994636852003,55.5105368578241,-22.3889268273762
JB5  2026-04-10,449,180,180deg_9oclock,preReward_nonTarget,120524,30,120947,119377,121884,0,27.1344259407567,64.5682072885544,37.4337813477977
JB5  2026-04-10,450,180,180deg_9oclock,cue_expected,NaN,NaN,122039,121884,122523,0,73.1945576945103,91.8993855775608,18.7048278830505
JB5  2026-04-10,451,180,180deg_9oclock,cue_expected,NaN,NaN,123503,123502,124268,180,56.1088794454049,39.0464408596553,-17.0624385857496
JB5  2026-04-10,452,180,180deg_9oclock,cue_expected,NaN,NaN,124269,124268,125308,0,47.5476508277001,96.0527309379493,48.5050801102493
JB5  2026-04-10,453,180,180deg_9oclock,preReward_nonTarget,124671,0,125167,124268,125308,0,55.7578358196266,99.4221704707415,43.6643346511149
JB5  2026-04-10,454,180,180deg_9oclock,preReward_nonTarget,125477,30,125822,125308,126624,0,44.6444423733196,93.9524577439853,49.3080153706656
JB5  2026-04-10,455,180,180deg_9oclock,preReward_nonTarget,126104,0,126306,125822,126624,0,72.2397197279687,92.2389242888193,19.9992045608506
JB5  2026-04-10,456,180,180deg_9oclock,cue_expected,NaN,NaN,127156,127154,127948,0,31.0076856825139,83.0183785395017,52.0106928569878
JB5  2026-04-10,457,180,180deg_9oclock,preReward_nonTarget,127611,0,127793,127154,127948,0,79.0998353090544,101.763183881798,22.6633485727438
JB5  2026-04-10,458,180,180deg_9oclock,cue_expected,NaN,NaN,128167,127948,128641,0,62.7700036200343,76.4590137793328,13.6890101592985
JB5  2026-04-10,459,180,180deg_9oclock,cue_expected,NaN,NaN,128805,128641,129741,0,75.1542724555335,75.686101463132,0.531829007598503
JB5  2026-04-10,460,180,180deg_9oclock,cue_expected,NaN,NaN,130270,129741,130769,180,94.0926014585872,73.6604720644931,-20.4321293940941
JB5  2026-04-10,461,180,180deg_9oclock,cue_expected,NaN,NaN,130771,130769,131234,0,43.322616273086,60.8362296751817,17.5136134020957
JB5  2026-04-10,462,180,180deg_9oclock,cue_expected,NaN,NaN,131416,131234,131763,0,89.2074605019621,96.5453181868326,7.33785768487053
JB5  2026-04-10,463,180,180deg_9oclock,cue_expected,NaN,NaN,131921,131763,132865,180,69.0482927538356,80.9884012059141,11.9401084520785
JB5  2026-04-10,464,180,180deg_9oclock,cue_expected,NaN,NaN,132867,132865,133628,0,37.6499142782021,76.2862775963234,38.6363633181213
JB5  2026-04-10,465,180,180deg_9oclock,preReward_nonTarget,133251,0,133478,132865,133628,0,46.8590259862544,57.0414652230062,10.1824392367518
JB5  2026-04-10,466,180,180deg_9oclock,preReward_nonTarget,133846,0,134320,133628,134434,0,35.3895949465538,97.6473782918308,62.2577833452771
JB5  2026-04-10,467,180,180deg_9oclock,cue_expected,NaN,NaN,134599,134434,135153,180,63.1152980672956,84.3821219625416,21.2668238952461
JB5  2026-04-10,468,180,180deg_9oclock,preReward_target,134693,30,135153,134434,135854,180,55.8836954218829,62.099355584979,6.21566016309617
JB5  2026-04-10,469,180,180deg_9oclock,preReward_target,135359,30,135853,135153,135854,180,47.6747770044841,40.0535613117285,-7.62121569275567
JB5  2026-04-10,470,180,180deg_9oclock,preReward_target,136050,30,136417,135854,137117,180,33.5897960855614,46.4970488623664,12.907252776805
JB5  2026-04-10,471,180,180deg_9oclock,cue_expected,NaN,NaN,137119,137117,137822,180,29.8276264976107,65.4103823967025,35.5827558990918
JB5  2026-04-10,472,180,180deg_9oclock,cue_expected,NaN,NaN,137824,137822,138403,180,31.7651892315241,55.4262555121147,23.6610662805905
JB5  2026-04-10,473,180,180deg_9oclock,preReward_target,138031,30,138403,137822,139063,180,40.2090733733789,39.3530298737586,-0.856043499620242
JB5  2026-04-10,474,180,180deg_9oclock,cue_expected,NaN,NaN,139065,139063,139922,0,31.2693285794404,53.3841114332296,22.1147828537893
JB5  2026-04-10,475,180,180deg_9oclock,preReward_nonTarget,139424,0,139723,139063,139922,0,38.4543262082448,63.0847453548947,24.6304191466499
JB5  2026-04-10,476,180,180deg_9oclock,cue_expected,NaN,NaN,140110,139922,140638,0,76.6235767580085,67.0628286284399,-9.56074812956862
JB5  2026-04-10,477,180,180deg_9oclock,preReward_nonTarget,140778,0,140983,140638,141202,0,65.8726769457983,96.4838415861464,30.611164640348
JB5  2026-04-10,478,180,180deg_9oclock,preReward_target,141361,30,141586,141202,142726,180,92.8716473439281,118.74871469053,25.8770673466017
JB5  2026-04-10,479,180,180deg_9oclock,cue_expected,NaN,NaN,142202,141586,142726,180,31.4804450247281,71.5511812010242,40.0707361762961
JB5  2026-04-10,480,180,180deg_9oclock,cue_expected,NaN,NaN,142727,142726,143467,180,34.337000836297,29.7413254278326,-4.59567540846434
JB5  2026-04-10,481,180,180deg_9oclock,preReward_nonTarget,143265,30,143467,142726,144447,0,37.1559708245179,33.8962926478588,-3.25967817665909
JB5  2026-04-10,482,180,180deg_9oclock,preReward_nonTarget,143747,0,144003,143467,144447,0,31.9739284405165,42.0084406731628,10.0345122326463
JB5  2026-04-10,483,180,180deg_9oclock,cue_expected,NaN,NaN,144764,144447,145251,180,77.7306596794253,6.07201331608257,-71.6586463633427
JB5  2026-04-10,484,180,180deg_9oclock,cue_expected,NaN,NaN,145253,145251,146107,0,34.2293615781837,38.4717377494912,4.24237617130752
JB5  2026-04-10,485,180,180deg_9oclock,preReward_nonTarget,145774,0,145965,145251,146107,0,53.2904509805382,85.9054713039436,32.6150203234054
JB5  2026-04-10,486,180,180deg_9oclock,cue_expected,NaN,NaN,146346,146107,147634,180,46.9482421771551,48.4735484250367,1.52530624788162
JB5  2026-04-10,487,180,180deg_9oclock,cue_expected,NaN,NaN,147636,147634,148201,180,33.1052458877599,38.4186449970997,5.31339910933983
JB5  2026-04-10,488,180,180deg_9oclock,cue_expected,NaN,NaN,148203,148201,148667,0,48.603240108743,24.2791642905664,-24.3240758181766
JB5  2026-04-10,489,180,180deg_9oclock,preReward_nonTarget,148886,30,149040,148667,149458,0,89.4503030552764,114.479992116327,25.0296890610502
JB5  2026-04-10,490,180,180deg_9oclock,cue_expected,NaN,NaN,149634,149458,149973,0,83.9163881178016,80.8708319638894,-3.04555615391216
JB5  2026-04-10,491,180,180deg_9oclock,cue_expected,NaN,NaN,150236,149973,150609,0,60.2459944638602,53.4679671524751,-6.77802731138512
JB5  2026-04-10,492,180,180deg_9oclock,preReward_nonTarget,150810,0,150984,150609,151146,0,62.80074783076,97.5371536400171,34.7364058092571
JB5  2026-04-10,493,180,180deg_9oclock,cue_expected,NaN,NaN,151417,151146,152059,180,52.5401344318713,72.7295912383768,20.1894568065055
JB5  2026-04-10,494,180,180deg_9oclock,cue_expected,NaN,NaN,152063,152059,152568,180,39.7041859090781,54.5825906175847,14.8784047085066
JB5  2026-04-10,495,180,180deg_9oclock,preReward_target,152264,30,152567,152059,152568,180,57.8724183111831,56.8406702348593,-1.03174807632372
JB5  2026-04-10,496,180,180deg_9oclock,preReward_nonTarget,153151,0,153739,152958,153892,0,51.120228074311,98.0379642669397,46.9177361926287
JB5  2026-04-10,497,180,180deg_9oclock,cue_expected,NaN,NaN,154277,154276,155293,0,69.5186752117978,117.586833362727,48.0681581509289
JB5  2026-04-10,498,180,180deg_9oclock,preReward_nonTarget,154893,0,155148,154276,155293,0,45.8375732201274,40.6553216956496,-5.18225152447784
JB5  2026-04-10,499,180,180deg_9oclock,preReward_nonTarget,155448,30,155735,155293,156117,0,54.1408705941636,48.4404064988421,-5.70046409532149
JB5  2026-04-10,500,180,180deg_9oclock,cue_expected,NaN,NaN,156298,156117,156839,180,57.9862566866854,70.1525935689924,12.166336882307
JB5  2026-04-10,501,180,180deg_9oclock,cue_expected,NaN,NaN,156841,156839,157371,180,63.4944096732018,74.8076402541017,11.3132305808999
JB5  2026-04-10,502,180,180deg_9oclock,preReward_target,157134,30,157371,156839,158007,180,57.8740134175126,59.1072760371758,1.23326261966326
JB5  2026-04-10,503,180,180deg_9oclock,cue_expected,NaN,NaN,158009,158007,158844,0,38.6087807408805,41.8918559661274,3.28307522524685
JB5  2026-04-10,504,180,180deg_9oclock,preReward_nonTarget,158299,0,158667,158007,158844,0,64.2109072586413,61.4670108180125,-2.74389644062885
JB5  2026-04-10,505,180,180deg_9oclock,cue_expected,NaN,NaN,159025,158844,159657,0,80.9525851388302,46.2874264527062,-34.665158686124
JB5  2026-04-10,506,180,180deg_9oclock,cue_expected,NaN,NaN,159877,159657,160210,0,36.6954602245327,30.6407413330433,-6.05471889148934
JB5  2026-04-10,507,180,180deg_9oclock,cue_expected,NaN,NaN,160382,160210,160832,0,65.5754673410072,79.0065256262622,13.4310582852549
JB5  2026-04-10,508,180,180deg_9oclock,preReward_nonTarget,160976,0,161198,160832,161354,0,69.4654784890908,58.6067344830125,-10.8587440060783
JB5  2026-04-10,509,180,180deg_9oclock,preReward_nonTarget,161557,0,161726,161354,161862,0,75.6075497742126,105.419991045221,29.8124412710087
JB5  2026-04-10,510,180,180deg_9oclock,cue_expected,NaN,NaN,162149,161862,162820,0,31.6573030589996,51.7296211635184,20.0723181045188
JB5  2026-04-10,511,180,180deg_9oclock,preReward_nonTarget,162411,0,162657,161862,162820,0,55.7076398444696,69.0182284387663,13.3105885942967
JB5  2026-04-10,512,180,180deg_9oclock,preReward_nonTarget,163096,0,163243,162820,163404,0,61.3571182888453,103.632034146757,42.2749158579119
JB5  2026-04-10,513,180,180deg_9oclock,preReward_nonTarget,163664,0,163842,163404,164005,0,73.0125813897008,81.9572796766774,8.94469828697657
JB5  2026-04-10,514,180,180deg_9oclock,cue_expected,NaN,NaN,164191,164005,164689,0,41.4845662869123,79.0519275239152,37.5673612370029
JB5  2026-04-10,515,180,180deg_9oclock,cue_expected,NaN,NaN,164856,164689,165247,0,68.0628967917247,74.8587279995497,6.79583120782495
JB5  2026-04-10,516,180,180deg_9oclock,cue_expected,NaN,NaN,165636,165247,165977,0,60.4838750405183,92.6390959586333,32.155220918115
JB5  2026-04-10,517,180,180deg_9oclock,preReward_nonTarget,166213,30,166402,165977,167197,0,37.777788618136,99.3715625435863,61.5937739254502
JB5  2026-04-10,518,180,180deg_9oclock,preReward_nonTarget,166753,0,167027,166402,167197,0,34.0667300568441,113.497071328583,79.4303412717386
JB5  2026-04-10,519,180,180deg_9oclock,cue_expected,NaN,NaN,167652,167651,168732,180,39.2344895600604,105.250814312592,66.0163247525313
JB5  2026-04-10,520,180,180deg_9oclock,cue_expected,NaN,NaN,168733,168732,169147,0,31.0995819261132,36.0452876025673,4.94570567645406
JB5  2026-04-10,521,180,180deg_9oclock,preReward_nonTarget,169356,0,169553,169147,169711,0,33.3044374505907,97.4901828182897,64.185745367699
JB5  2026-04-10,522,180,180deg_9oclock,preReward_nonTarget,169895,30,170123,169711,170527,0,67.9730250757625,71.4266823495685,3.45365727380597
JB5  2026-04-10,523,180,180deg_9oclock,preReward_target,170819,30,171019,170527,171563,180,34.7910401877967,56.542245477928,21.7512052901313
JB5  2026-04-10,524,180,180deg_9oclock,cue_expected,NaN,NaN,171564,171563,172726,180,36.6405119014911,33.76797857167,-2.87253332982104
JB5  2026-04-10,525,180,180deg_9oclock,cue_expected,NaN,NaN,172168,171563,172726,180,36.7216418530457,77.3299103310343,40.6082684779886
JB5  2026-04-10,526,180,180deg_9oclock,cue_expected,NaN,NaN,172728,172726,173289,0,33.9874272039993,37.3777030848821,3.39027588088286
JB5  2026-04-10,527,180,180deg_9oclock,preReward_target,173473,30,173649,173289,174197,180,52.0039750145156,117.138393689043,65.1344186745274
JB5  2026-04-10,528,180,180deg_9oclock,cue_expected,NaN,NaN,174199,174197,174731,0,36.8158092782061,95.1874693512721,58.371660073066
JB5  2026-04-10,529,180,180deg_9oclock,cue_expected,NaN,NaN,175127,175124,175898,0,33.469522187192,63.1587735988738,29.6892514116818
JB5  2026-04-10,530,180,180deg_9oclock,preReward_nonTarget,175551,0,175731,175124,175898,0,33.4061102715448,62.6758783358712,29.2697680643264
JB5  2026-04-10,531,180,180deg_9oclock,preReward_target,176108,30,176383,175898,176384,180,77.955508039314,96.6651387361603,18.7096306968463
JB5  2026-04-10,532,180,180deg_9oclock,cue_expected,NaN,NaN,176978,176977,177942,180,31.0903866588827,83.7887925961165,52.6984059372338
JB5  2026-04-10,533,180,180deg_9oclock,cue_expected,NaN,NaN,177945,177942,178483,0,38.7997443359924,46.6926614066712,7.89291707067878
JB5  2026-04-10,534,180,180deg_9oclock,preReward_nonTarget,178619,0,178894,178483,179042,0,45.0560084053593,67.8007339780909,22.7447255727316
JB5  2026-04-10,535,180,180deg_9oclock,preReward_nonTarget,179248,0,179476,179042,179626,0,52.2047467574151,63.6906453609306,11.4858986035154
JB5  2026-04-10,536,180,180deg_9oclock,cue_expected,NaN,NaN,179818,179626,180183,0,74.0945375877668,77.7487601604807,3.65422257271395
JB5  2026-04-10,537,180,180deg_9oclock,cue_expected,NaN,NaN,180462,180183,181003,180,64.8697948028635,73.5828883374108,8.71309353454734
JB5  2026-04-10,538,180,180deg_9oclock,preReward_target,180651,30,181003,180183,181624,180,33.2897946822581,60.6631247112217,27.3733300289635
JB5  2026-04-10,539,180,180deg_9oclock,cue_expected,NaN,NaN,181626,181624,181984,0,37.9611692244787,45.6032476179148,7.64207839343604
JB5  2026-04-10,540,180,180deg_9oclock,cue_expected,NaN,NaN,182364,182363,182968,180,54.325021987027,68.1463020771949,13.821280090168
JB5  2026-04-10,541,180,180deg_9oclock,preReward_target,182626,30,182968,182363,183640,180,45.673259735939,57.4512165017965,11.7779567658575
JB5  2026-04-10,542,180,180deg_9oclock,cue_expected,NaN,NaN,183641,183640,184472,0,36.2430635734523,69.2931091574815,33.0500455840291
JB5  2026-04-10,543,180,180deg_9oclock,cue_expected,NaN,NaN,184101,183640,184472,0,35.6340751361764,59.4839173305858,23.8498421944093
JB5  2026-04-10,544,180,180deg_9oclock,cue_expected,NaN,NaN,184675,184472,185739,180,76.5454337375408,91.9198056776004,15.3743719400596
JB5  2026-04-10,545,180,180deg_9oclock,cue_expected,NaN,NaN,185740,185739,186476,0,32.8010683333688,38.1417004975572,5.34063216418838
JB5  2026-04-10,546,180,180deg_9oclock,preReward_nonTarget,186112,0,186330,185739,186476,0,32.8777310969872,65.9645211957346,33.0867900987474
JB5  2026-04-10,547,180,180deg_9oclock,preReward_nonTarget,186636,30,186904,186476,187314,0,28.40186606018,38.9355660356821,10.5336999755022
JB5  2026-04-10,548,180,180deg_9oclock,cue_expected,NaN,NaN,187486,187314,188041,0,100.325553157524,86.6790838087382,-13.6464693487855
JB5  2026-04-10,549,180,180deg_9oclock,cue_expected,NaN,NaN,188256,188041,188802,180,49.5952136961245,63.5380514555878,13.9428377594633
JB5  2026-04-10,550,180,180deg_9oclock,cue_expected,NaN,NaN,188804,188802,189458,180,33.8400546199415,54.2344103991161,20.3943557791746
JB5  2026-04-10,551,180,180deg_9oclock,cue_expected,NaN,NaN,189460,189458,190053,180,35.9930309709602,80.9372728578227,44.9442418868625
JB5  2026-04-10,552,180,180deg_9oclock,cue_expected,NaN,NaN,190056,190053,190968,0,31.6440933565424,70.2063742285577,38.5622808720153
JB5  2026-04-10,553,180,180deg_9oclock,preReward_nonTarget,190587,0,190797,190053,190968,0,34.7674783849456,82.3445378851412,47.5770595001956
JB5  2026-04-10,554,180,180deg_9oclock,preReward_nonTarget,191151,0,191379,190968,191554,0,45.710857982796,67.9411184379846,22.2302604551886
JB5  2026-04-10,555,180,180deg_9oclock,cue_expected,NaN,NaN,191725,191554,192076,0,62.9567131806954,74.0311607678409,11.0744475871455
JB5  2026-04-10,556,180,180deg_9oclock,cue_expected,NaN,NaN,192561,192559,193507,180,28.1507580462165,50.8008941482707,22.6501361020542
JB5  2026-04-10,557,180,180deg_9oclock,cue_expected,NaN,NaN,193508,193507,194107,180,32.5446718688455,37.7529344586653,5.20826258981983
JB5  2026-04-10,558,180,180deg_9oclock,cue_expected,NaN,NaN,194110,194107,194750,180,26.6353321931326,74.0232242582733,47.3878920651407
JB5  2026-04-10,559,180,180deg_9oclock,cue_expected,NaN,NaN,194752,194750,195167,0,32.0928213103366,38.3246480292883,6.23182671895174
JB5  2026-04-10,560,180,180deg_9oclock,preReward_nonTarget,195309,30,195532,195167,195885,0,42.8614045321298,68.4192439768445,25.5578394447147
JB5  2026-04-10,561,180,180deg_9oclock,preReward_nonTarget,196089,0,196262,195885,196400,0,31.7582749154541,91.8941911971265,60.1359162816724
JB5  2026-04-10,562,180,180deg_9oclock,cue_expected,NaN,NaN,196598,196400,197145,180,43.2703526390974,48.269764237445,4.99941159834759
JB5  2026-04-10,563,180,180deg_9oclock,cue_expected,NaN,NaN,197147,197145,197724,180,30.7424503420499,28.9859198605645,-1.75653048148532
JB5  2026-04-10,564,180,180deg_9oclock,cue_expected,NaN,NaN,197725,197724,198325,180,35.5743095842943,47.9228106433189,12.3485010590245
JB5  2026-04-10,565,180,180deg_9oclock,cue_expected,NaN,NaN,198327,198325,198883,180,29.6836941741201,50.2016332530969,20.5179390789769
