INDEX,POS1,POS2,CNTX,OBJ1,OBJ2,STAR
1,0,0,1,0,0,0
2,0,0,1,0,0,0
3,0,0,1,0,0,0
4,0,0,1,0,0,0
5,0,0,1,0,0,0
6,0,0,1,0,0,0
7,0,0,1,0,0,0
8,0,0,1,0,0,0
9,0,0,1,0,0,0
10,0,0,1,0,0,0
11,0,0,1,0,0,0
12,0,0,1,0,0,0
13,0,0,1,0,0,0
14,0,0,1,0,0,0
15,0,0,1,0,0,0
16,0,0,1,0,0,0
17,0,0,1,0,0,0
18,0,0,1,0,0,0
19,0,0,1,0,0,0
20,0,0,1,0,0,0
21,0,0,1,0,0,0
22,0,0,1,0,0,0
23,0,0,1,0,0,0
24,0,0,1,0,0,0
25,0,1,1,0,0,0
26,0,1,1,0,0,0
27,0,1,1,0,0,0
28,0,1,1,0,0,0
29,0,1,1,0,0,0
30,0,1,1,0,0,0
31,0,1,1,0,0,0
32,0,1,1,0.25,0,0
33,0,1,1,0.272058824,0,0
34,0,1,1,0.294117647,0,0
35,0,1,1,0.316176471,0,0
36,0,1,1,0.338235294,0,0
37,0,1,1,0.360294118,0,0
38,0,1,1,0.382352941,0,0
39,0,1,1,0.404411765,0,0
40,0,1,1,0.426470588,0,0
41,0,1,1,0.448529412,0,0
42,0,1,1,0.470588235,0,0
43,0,1,1,0.492647059,0,0
44,0,1,1,0.514705882,0,0
45,0,1,1,0.536764706,0,0
46,0,1,1,0.558823529,0,0
47,0,1,1,0.580882353,0,0
48,0,1,1,0.602941176,0,0
49,0,1,1,0.625,0,0
50,0,1,1,0.647058824,0,0
51,0,1,1,0.669117647,0,0
52,0,1,1,0.691176471,0,0
53,0,1,1,0.713235294,0,0
54,0,1,1,0.735294118,0,0
55,0,1,1,0.757352941,0,0
56,0,1,1,0.779411765,0,0
57,0,1,1,0.801470588,0,0
58,0,1,1,0.823529412,0,0
59,0,1,1,0.845588235,0,0
60,0,1,1,0.867647059,0,0
61,0,1,1,0.889705882,0,0
62,0,1,1,0.911764706,0,0
63,0,1,1,0.933823529,0,0
64,0,1,1,0.955882353,0,0
65,0,1,1,0.977941176,0,0
66,0,1,1,1,0,0
67,0,0,1,0,0,0
68,0,0,1,0,0,0
69,0,0,1,0,0,0
70,0,0,1,0,0,0
71,0,0,1,0,0,0
72,0,0,1,0,0,0
73,0,0,1,0,0,0
74,0,0,1,0,0,0
75,0,0,1,0,0,0
76,0,0,1,0,0,0
77,0,0,1,0,0,0
78,0,0,1,0,0,0
79,0,0,1,0,0,0
80,0,0,1,0,0,0
81,0,0,1,0,0,0
82,0,0,1,0,0,0
83,0,0,1,0,0,0
84,0,0,1,0,0,0
85,0,0,1,0,0,0
86,0,0,1,0,0,0
87,0,0,1,0,0,0
88,0,0,1,0,0,0
89,0,0,1,0,0,0
90,0,0,1,0,0,0
91,1,0,1,0,0,0
92,1,0,1,0,0,0
93,1,0,1,0,0,0
94,1,0,1,0,0,0
95,1,0,1,0,0,0
96,1,0,1,0,0,0
97,1,0,1,0,0,0
98,1,0,1,0,0,0
99,1,0,1,0,0,0.25
100,1,0,1,0,0,0.272058824
101,1,0,1,0,0,0.294117647
102,1,0,1,0,0,0.316176471
103,1,0,1,0,0,0.338235294
104,1,0,1,0,0,0.360294118
105,1,0,1,0,0,0.382352941
106,1,0,1,0,0,0.404411765
107,1,0,1,0,0,0.426470588
108,1,0,1,0,0,0.448529412
109,1,0,1,0,0,0.470588235
110,1,0,1,0,0,0.492647059
111,1,0,1,0,0,0.514705882
112,1,0,1,0,0,0.536764706
113,1,0,1,0,0,0.558823529
114,1,0,1,0,0,0.580882353
115,1,0,1,0,0,0.602941176
116,1,0,1,0,0,0.625
117,1,0,1,0,0,0.647058824
118,1,0,1,0,0,0.669117647
119,1,0,1,0,0,0.691176471
120,1,0,1,0,0,0.713235294
121,1,0,1,0,0,0.735294118
122,1,0,1,0,0,0.757352941
123,1,0,1,0,0,0.779411765
124,1,0,1,0,0,0.801470588
125,1,0,1,0,0,0.823529412
126,1,0,1,0,0,0.845588235
127,1,0,1,0,0,0.867647059
128,1,0,1,0,0,0.889705882
129,1,0,1,0,0,0.911764706
130,1,0,1,0,0,0.933823529
131,1,0,1,0,0,0.955882353
132,1,0,1,0,0,0.977941176
133,1,0,1,0,0,1
134,0,0,1,0,0,0
135,0,0,1,0,0,0
136,0,0,1,0,0,0
137,0,0,1,0,0,0
138,0,0,1,0,0,0
139,0,0,1,0,0,0
140,0,0,1,0,0,0
141,0,0,1,0,0,0
142,0,0,1,0,0,0
143,0,0,1,0,0,0
144,0,0,1,0,0,0
145,0,0,1,0,0,0
146,0,0,1,0,0,0
147,0,0,1,0,0,0
148,0,0,1,0,0,0
149,0,0,1,0,0,0
150,0,0,1,0,0,0
151,0,0,1,0,0,0
152,0,0,1,0,0,0
153,0,0,1,0,0,0
154,0,0,1,0,0,0
155,0,0,1,0,0,0
156,0,0,1,0,0,0
157,0,0,1,0,0,0
158,0,1,1,0,0,0
159,0,1,1,0,0,0
160,0,1,1,0,0,0
161,0,1,1,0,0,0
162,0,1,1,0,0,0
163,0,1,1,0,0,0
164,0,1,1,0,0,0
165,0,1,1,0,0,0.25
166,0,1,1,0,0,0.272058824
167,0,1,1,0,0,0.294117647
168,0,1,1,0,0,0.316176471
169,0,1,1,0,0,0.338235294
170,0,1,1,0,0,0.360294118
171,0,1,1,0,0,0.382352941
172,0,1,1,0,0,0.404411765
173,0,1,1,0,0,0.426470588
174,0,1,1,0,0,0.448529412
175,0,1,1,0,0,0.470588235
176,0,1,1,0,0,0.492647059
177,0,1,1,0,0,0.514705882
178,0,1,1,0,0,0.536764706
179,0,1,1,0,0,0.558823529
180,0,1,1,0,0,0.580882353
181,0,1,1,0,0,0.602941176
182,0,1,1,0,0,0.625
183,0,1,1,0,0,0.647058824
184,0,1,1,0,0,0.669117647
185,0,1,1,0,0,0.691176471
186,0,1,1,0,0,0.713235294
187,0,1,1,0,0,0.735294118
188,0,1,1,0,0,0.757352941
189,0,1,1,0,0,0.779411765
190,0,1,1,0,0,0.801470588
191,0,1,1,0,0,0.823529412
192,0,1,1,0,0,0.845588235
193,0,1,1,0,0,0.867647059
194,0,1,1,0,0,0.889705882
195,0,1,1,0,0,0.911764706
196,0,1,1,0,0,0.933823529
197,0,1,1,0,0,0.955882353
198,0,1,1,0,0,0.977941176
199,0,1,1,0,0,1
200,0,0,1,0,0,0
201,0,0,1,0,0,0
202,0,0,1,0,0,0
203,0,0,1,0,0,0
204,0,0,1,0,0,0
205,0,0,1,0,0,0
206,0,0,1,0,0,0
207,0,0,1,0,0,0
208,0,0,1,0,0,0
209,0,0,1,0,0,0
210,0,0,1,0,0,0
211,0,0,1,0,0,0
212,0,0,1,0,0,0
213,0,0,1,0,0,0
214,0,0,1,0,0,0
215,0,0,1,0,0,0
216,0,0,1,0,0,0
217,0,0,1,0,0,0
218,0,0,1,0,0,0
219,0,0,1,0,0,0
220,0,0,1,0,0,0
221,0,0,1,0,0,0
222,0,0,1,0,0,0
223,0,0,1,0,0,0
224,1,0,1,0,0,0
225,1,0,1,0,0,0
226,1,0,1,0,0,0
227,1,0,1,0,0,0
228,1,0,1,0,0,0
229,1,0,1,0,0,0
230,1,0,1,0,0,0
231,1,0,1,0,0,0
232,1,0,1,0,0.25,0
233,1,0,1,0,0.272058824,0
234,1,0,1,0,0.294117647,0
235,1,0,1,0,0.316176471,0
236,1,0,1,0,0.338235294,0
237,1,0,1,0,0.360294118,0
238,1,0,1,0,0.382352941,0
239,1,0,1,0,0.404411765,0
240,1,0,1,0,0.426470588,0
241,1,0,1,0,0.448529412,0
242,1,0,1,0,0.470588235,0
243,1,0,1,0,0.492647059,0
244,1,0,1,0,0.514705882,0
245,1,0,1,0,0.536764706,0
246,1,0,1,0,0.558823529,0
247,1,0,1,0,0.580882353,0
248,1,0,1,0,0.602941176,0
249,1,0,1,0,0.625,0
250,1,0,1,0,0.647058824,0
251,1,0,1,0,0.669117647,0
252,1,0,1,0,0.691176471,0
253,1,0,1,0,0.713235294,0
254,1,0,1,0,0.735294118,0
255,1,0,1,0,0.757352941,0
256,1,0,1,0,0.779411765,0
257,1,0,1,0,0.801470588,0
258,1,0,1,0,0.823529412,0
259,1,0,1,0,0.845588235,0
260,1,0,1,0,0.867647059,0
261,1,0,1,0,0.889705882,0
262,1,0,1,0,0.911764706,0
263,1,0,1,0,0.933823529,0
264,1,0,1,0,0.955882353,0
265,1,0,1,0,0.977941176,0
266,1,0,1,0,1,0
267,0,0,2,0,0,0
268,0,0,2,0,0,0
269,0,0,2,0,0,0
270,0,0,2,0,0,0
271,0,0,2,0,0,0
272,0,0,2,0,0,0
273,0,0,2,0,0,0
274,0,0,2,0,0,0
275,0,0,2,0,0,0
276,0,0,2,0,0,0
277,0,0,2,0,0,0
278,0,0,2,0,0,0
279,0,0,2,0,0,0
280,0,0,2,0,0,0
281,0,0,2,0,0,0
282,0,0,2,0,0,0
283,0,0,2,0,0,0
284,0,0,2,0,0,0
285,0,0,2,0,0,0
286,0,0,2,0,0,0
287,0,0,2,0,0,0
288,0,0,2,0,0,0
289,0,0,2,0,0,0
290,0,0,2,0,0,0
291,0,1,2,0,0,0
292,0,1,2,0,0,0
293,0,1,2,0,0,0
294,0,1,2,0,0,0
295,0,1,2,0,0,0
296,0,1,2,0,0,0
297,0,1,2,0,0,0
298,0,1,2,0.25,0,0
299,0,1,2,0.272058824,0,0
300,0,1,2,0.294117647,0,0
301,0,1,2,0.316176471,0,0
302,0,1,2,0.338235294,0,0
303,0,1,2,0.360294118,0,0
304,0,1,2,0.382352941,0,0
305,0,1,2,0.404411765,0,0
306,0,1,2,0.426470588,0,0
307,0,1,2,0.448529412,0,0
308,0,1,2,0.470588235,0,0
309,0,1,2,0.492647059,0,0
310,0,1,2,0.514705882,0,0
311,0,1,2,0.536764706,0,0
312,0,1,2,0.558823529,0,0
313,0,1,2,0.580882353,0,0
314,0,1,2,0.602941176,0,0
315,0,1,2,0.625,0,0
316,0,1,2,0.647058824,0,0
317,0,1,2,0.669117647,0,0
318,0,1,2,0.691176471,0,0
319,0,1,2,0.713235294,0,0
320,0,1,2,0.735294118,0,0
321,0,1,2,0.757352941,0,0
322,0,1,2,0.779411765,0,0
323,0,1,2,0.801470588,0,0
324,0,1,2,0.823529412,0,0
325,0,1,2,0.845588235,0,0
326,0,1,2,0.867647059,0,0
327,0,1,2,0.889705882,0,0
328,0,1,2,0.911764706,0,0
329,0,1,2,0.933823529,0,0
330,0,1,2,0.955882353,0,0
331,0,1,2,0.977941176,0,0
332,0,1,2,1,0,0
333,0,0,2,0,0,0
334,0,0,2,0,0,0
335,0,0,2,0,0,0
336,0,0,2,0,0,0
337,0,0,2,0,0,0
338,0,0,2,0,0,0
339,0,0,2,0,0,0
340,0,0,2,0,0,0
341,0,0,2,0,0,0
342,0,0,2,0,0,0
343,0,0,2,0,0,0
344,0,0,2,0,0,0
345,0,0,2,0,0,0
346,0,0,2,0,0,0
347,0,0,2,0,0,0
348,0,0,2,0,0,0
349,0,0,2,0,0,0
350,0,0,2,0,0,0
351,0,0,2,0,0,0
352,0,0,2,0,0,0
353,0,0,2,0,0,0
354,0,0,2,0,0,0
355,0,0,2,0,0,0
356,0,0,2,0,0,0
357,1,0,2,0,0,0
358,1,0,2,0,0,0
359,1,0,2,0,0,0
360,1,0,2,0,0,0
361,1,0,2,0,0,0
362,1,0,2,0,0,0
363,1,0,2,0,0,0
364,1,0,2,0,0,0.25
365,1,0,2,0,0,0.272058824
366,1,0,2,0,0,0.294117647
367,1,0,2,0,0,0.316176471
368,1,0,2,0,0,0.338235294
369,1,0,2,0,0,0.360294118
370,1,0,2,0,0,0.382352941
371,1,0,2,0,0,0.404411765
372,1,0,2,0,0,0.426470588
373,1,0,2,0,0,0.448529412
374,1,0,2,0,0,0.470588235
375,1,0,2,0,0,0.492647059
376,1,0,2,0,0,0.514705882
377,1,0,2,0,0,0.536764706
378,1,0,2,0,0,0.558823529
379,1,0,2,0,0,0.580882353
380,1,0,2,0,0,0.602941176
381,1,0,2,0,0,0.625
382,1,0,2,0,0,0.647058824
383,1,0,2,0,0,0.669117647
384,1,0,2,0,0,0.691176471
385,1,0,2,0,0,0.713235294
386,1,0,2,0,0,0.735294118
387,1,0,2,0,0,0.757352941
388,1,0,2,0,0,0.779411765
389,1,0,2,0,0,0.801470588
390,1,0,2,0,0,0.823529412
391,1,0,2,0,0,0.845588235
392,1,0,2,0,0,0.867647059
393,1,0,2,0,0,0.889705882
394,1,0,2,0,0,0.911764706
395,1,0,2,0,0,0.933823529
396,1,0,2,0,0,0.955882353
397,1,0,2,0,0,0.977941176
398,1,0,2,0,0,1
399,1,0,2,0,0,1
400,0,0,2,0,0,0
401,0,0,2,0,0,0
402,0,0,2,0,0,0
403,0,0,2,0,0,0
404,0,0,2,0,0,0
405,0,0,2,0,0,0
406,0,0,2,0,0,0
407,0,0,2,0,0,0
408,0,0,2,0,0,0
409,0,0,2,0,0,0
410,0,0,2,0,0,0
411,0,0,2,0,0,0
412,0,0,2,0,0,0
413,0,0,2,0,0,0
414,0,0,2,0,0,0
415,0,0,2,0,0,0
416,0,0,2,0,0,0
417,0,0,2,0,0,0
418,0,0,2,0,0,0
419,0,0,2,0,0,0
420,0,0,2,0,0,0
421,0,0,2,0,0,0
422,0,0,2,0,0,0
423,0,0,2,0,0,0
424,0,1,2,0,0,0
425,0,1,2,0,0,0
426,0,1,2,0,0,0
427,0,1,2,0,0,0
428,0,1,2,0,0,0
429,0,1,2,0,0,0
430,0,1,2,0,0,0
431,0,1,2,0,0,0.25
432,0,1,2,0,0,0.272058824
433,0,1,2,0,0,0.294117647
434,0,1,2,0,0,0.316176471
435,0,1,2,0,0,0.338235294
436,0,1,2,0,0,0.360294118
437,0,1,2,0,0,0.382352941
438,0,1,2,0,0,0.404411765
439,0,1,2,0,0,0.426470588
440,0,1,2,0,0,0.448529412
441,0,1,2,0,0,0.470588235
442,0,1,2,0,0,0.492647059
443,0,1,2,0,0,0.514705882
444,0,1,2,0,0,0.536764706
445,0,1,2,0,0,0.558823529
446,0,1,2,0,0,0.580882353
447,0,1,2,0,0,0.602941176
448,0,1,2,0,0,0.625
449,0,1,2,0,0,0.647058824
450,0,1,2,0,0,0.669117647
451,0,1,2,0,0,0.691176471
452,0,1,2,0,0,0.713235294
453,0,1,2,0,0,0.735294118
454,0,1,2,0,0,0.757352941
455,0,1,2,0,0,0.779411765
456,0,1,2,0,0,0.801470588
457,0,1,2,0,0,0.823529412
458,0,1,2,0,0,0.845588235
459,0,1,2,0,0,0.867647059
460,0,1,2,0,0,0.889705882
461,0,1,2,0,0,0.911764706
462,0,1,2,0,0,0.933823529
463,0,1,2,0,0,0.955882353
464,0,1,2,0,0,0.977941176
465,0,1,2,0,0,1
466,0,0,2,0,0,0
467,0,0,2,0,0,0
468,0,0,2,0,0,0
469,0,0,2,0,0,0
470,0,0,2,0,0,0
471,0,0,2,0,0,0
472,0,0,2,0,0,0
473,0,0,2,0,0,0
474,0,0,2,0,0,0
475,0,0,2,0,0,0
476,0,0,2,0,0,0
477,0,0,2,0,0,0
478,0,0,2,0,0,0
479,0,0,2,0,0,0
480,0,0,2,0,0,0
481,0,0,2,0,0,0
482,0,0,2,0,0,0
483,0,0,2,0,0,0
484,0,0,2,0,0,0
485,0,0,2,0,0,0
486,0,0,2,0,0,0
487,0,0,2,0,0,0
488,0,0,2,0,0,0
489,0,0,2,0,0,0
490,1,0,2,0,0,0
491,1,0,2,0,0,0
492,1,0,2,0,0,0
493,1,0,2,0,0,0
494,1,0,2,0,0,0
495,1,0,2,0,0,0
496,1,0,2,0,0,0
497,1,0,2,0,0,0
498,1,0,2,0,0.25,0
499,1,0,2,0,0.272058824,0
500,1,0,2,0,0.294117647,0
501,1,0,2,0,0.316176471,0
502,1,0,2,0,0.338235294,0
503,1,0,2,0,0.360294118,0
504,1,0,2,0,0.382352941,0
505,1,0,2,0,0.404411765,0
506,1,0,2,0,0.426470588,0
507,1,0,2,0,0.448529412,0
508,1,0,2,0,0.470588235,0
509,1,0,2,0,0.492647059,0
510,1,0,2,0,0.514705882,0
511,1,0,2,0,0.536764706,0
512,1,0,2,0,0.558823529,0
513,1,0,2,0,0.580882353,0
514,1,0,2,0,0.602941176,0
515,1,0,2,0,0.625,0
516,1,0,2,0,0.647058824,0
517,1,0,2,0,0.669117647,0
518,1,0,2,0,0.691176471,0
519,1,0,2,0,0.713235294,0
520,1,0,2,0,0.735294118,0
521,1,0,2,0,0.757352941,0
522,1,0,2,0,0.779411765,0
523,1,0,2,0,0.801470588,0
524,1,0,2,0,0.823529412,0
525,1,0,2,0,0.845588235,0
526,1,0,2,0,0.867647059,0
527,1,0,2,0,0.889705882,0
528,1,0,2,0,0.911764706,0
529,1,0,2,0,0.933823529,0
530,1,0,2,0,0.955882353,0
531,1,0,2,0,0.977941176,0
532,1,0,2,0,1,0
